Id,Predicted
0,0.0158836
1,0.0613617
2,0.0191157
3,0.066862
4,0.760477
5,0.0133984
6,0.0170629
7,0.0142376
8,0.0780775
9,0.0160348
10,0.093439
11,0.0225141
12,0.016554
13,0.0167291
14,0.0642465
15,0.0721142
16,0.0189346
17,0.0499375
18,0.156721
19,0.353692
20,0.0370261
21,0.0993347
22,0.0232895
23,0.0624941
24,0.0203025
25,0.0147236
26,0.0138155
27,0.0121025
28,0.0617254
29,0.0423374
30,0.0221819
31,0.0185906
32,0.0152992
33,0.0422622
34,0.0171792
35,0.0116837
36,0.0125647
37,0.0929856
38,0.0577389
39,0.0143189
40,0.0194942
41,0.0681095
42,0.0149705
43,0.35588
44,0.0805886
45,0.0144432
46,0.34142
47,0.0155651
48,0.316363
49,0.0132211
50,0.013534
51,0.230864
52,0.0282509
53,0.015971
54,0.019375
55,0.0115222
56,0.0704257
57,0.0139333
58,0.0178392
59,0.0141052
60,0.0182104
61,0.0153562
62,0.0847766
63,0.0132595
64,0.0159414
65,0.348147
66,0.0513677
67,0.013961
68,0.0213863
69,0.0146118
70,0.0177487
71,0.0310707
72,0.0890576
73,0.01961
74,0.0175592
75,0.17242
76,0.0172527
77,0.0191544
78,0.0146676
79,0.0827377
80,0.0317154
81,0.0175781
82,0.263268
83,0.157574
84,0.015252
85,0.543287
86,0.181905
87,0.0190663
88,0.0212038
89,0.015965
90,0.0587308
91,0.103563
92,0.0179136
93,0.0112159
94,0.0239032
95,0.0137819
96,0.203703
97,0.0934519
98,0.273916
99,0.0139979
100,0.0846537
101,0.0575476
102,0.0130195
103,0.0166225
104,0.328648
105,0.0380326
106,0.0235187
107,0.0126951
108,0.0151644
109,0.0120413
110,0.0176087
111,0.146845
112,0.010095
113,0.0578927
114,0.0992805
115,0.0182572
116,0.01614
117,0.060651
118,0.0857379
119,0.011808
120,0.0787747
121,0.0165335
122,0.0743864
123,0.0965061
124,0.0176614
125,0.0184469
126,0.0857814
127,0.0705585
128,0.175039
129,0.0185522
130,0.691507
131,0.0172525
132,0.0160402
133,0.0596302
134,0.0473126
135,0.0182439
136,0.0660526
137,0.0190772
138,0.0175118
139,0.0192307
140,0.0657742
141,0.0141309
142,0.0159487
143,0.0289973
144,0.0152883
145,0.0208312
146,0.166079
147,0.369218
148,0.0178685
149,0.25502
150,0.0124169
151,0.0140939
152,0.0135001
153,0.0533767
154,0.017104
155,0.0305038
156,0.0157288
157,0.0199666
158,0.018321
159,0.0177429
160,0.06695
161,0.0152506
162,0.0126742
163,0.0215618
164,0.0192808
165,0.0180044
166,0.0190861
167,0.0183665
168,0.0860106
169,0.0169852
170,0.0145603
171,0.0182471
172,0.0633283
173,0.0170389
174,0.0215295
175,0.767998
176,0.0170077
177,0.092021
178,0.201359
179,0.01073
180,0.0140629
181,0.0152021
182,0.0112883
183,0.0198304
184,0.0149508
185,0.0190719
186,0.0171694
187,0.0513516
188,0.0601097
189,0.0697763
190,0.0174421
191,0.015258
192,0.0608218
193,0.140475
194,0.0718447
195,0.066253
196,0.0164606
197,0.0185165
198,0.0484708
199,0.0237722
200,0.0673586
201,0.0191628
202,0.0181344
203,0.0141046
204,0.768295
205,0.0142491
206,0.0199864
207,0.0613645
208,0.0254799
209,0.060626
210,0.0104724
211,0.159082
212,0.0241133
213,0.0126851
214,0.0181537
215,0.102262
216,0.132496
217,0.743661
218,0.23842
219,0.0115409
220,0.013351
221,0.0169772
222,0.0525348
223,0.0327147
224,0.0158783
225,0.0912185
226,0.0481034
227,0.018162
228,0.0160084
229,0.0140939
230,0.268343
231,0.0171494
232,0.0179251
233,0.0169911
234,0.0128121
235,0.013171
236,0.0608451
237,0.0197037
238,0.0177725
239,0.0565334
240,0.0177865
241,0.0190395
242,0.723244
243,0.0123276
244,0.0176615
245,0.0117574
246,0.0171727
247,0.014477
248,0.0135454
249,0.0194307
250,0.167001
251,0.0171047
252,0.0183228
253,0.0180146
254,0.0887881
255,0.270072
256,0.0131687
257,0.0169021
258,0.0116238
259,0.0141027
260,0.0601728
261,0.0188354
262,0.0289778
263,0.0793996
264,0.0188897
265,0.0163425
266,0.147794
267,0.099147
268,0.0150966
269,0.012538
270,0.0170896
271,0.0187162
272,0.0154214
273,0.0179343
274,0.0158496
275,0.0258601
276,0.279063
277,0.0642184
278,0.0605114
279,0.0902278
280,0.0161077
281,0.0162086
282,0.0185427
283,0.0350044
284,0.0169336
285,0.013428
286,0.0179654
287,0.0168786
288,0.0815354
289,0.0605451
290,0.0333347
291,0.27622
292,0.0105034
293,0.0881218
294,0.0133586
295,0.0162164
296,0.0405226
297,0.0210743
298,0.102325
299,0.0190398
300,0.0750705
301,0.648973
302,0.0528641
303,0.0885859
304,0.157247
305,0.0883594
306,0.0142844
307,0.158731
308,0.0687059
309,0.0146364
310,0.0725216
311,0.022217
312,0.0186619
313,0.714397
314,0.0158541
315,0.0182666
316,0.0137905
317,0.0246367
318,0.0176442
319,0.022692
320,0.0132333
321,0.0171119
322,0.0129259
323,0.0137606
324,0.146929
325,0.0130669
326,0.014874
327,0.148005
328,0.0644959
329,0.013342
330,0.06092
331,0.368313
332,0.0174581
333,0.0728025
334,0.202909
335,0.0170909
336,0.013013
337,0.0564433
338,0.0165648
339,0.0157278
340,0.01338
341,0.0441335
342,0.0823942
343,0.0177973
344,0.0162042
345,0.0126189
346,0.0235263
347,0.200914
348,0.0144767
349,0.0129111
350,0.0157494
351,0.0762482
352,0.0127895
353,0.0430597
354,0.0132013
355,0.0187863
356,0.0211112
357,0.0200207
358,0.0163991
359,0.0431103
360,0.339708
361,0.016921
362,0.0137462
363,0.748852
364,0.0145012
365,0.0190129
366,0.0877309
367,0.0971672
368,0.0696451
369,0.265221
370,0.0129366
371,0.0135805
372,0.015273
373,0.0196012
374,0.735405
375,0.0706176
376,0.0128856
377,0.233555
378,0.0180589
379,0.0142562
380,0.0176384
381,0.0174767
382,0.0169253
383,0.0234628
384,0.0163101
385,0.0145877
386,0.0185272
387,0.0166078
388,0.0151197
389,0.0174367
390,0.0125419
391,0.0145651
392,0.0146871
393,0.0155741
394,0.0143189
395,0.0146586
396,0.0164903
397,0.0798971
398,0.0207783
399,0.0512654
400,0.0193485
401,0.022534
402,0.0149746
403,0.225449
404,0.286244
405,0.0253098
406,0.012663
407,0.145041
408,0.0139716
409,0.0120838
410,0.0603575
411,0.0533113
412,0.0118759
413,0.017832
414,0.0650716
415,0.0231253
416,0.0166063
417,0.0132917
418,0.0711938
419,0.0812805
420,0.0130595
421,0.137119
422,0.141014
423,0.060804
424,0.0612661
425,0.0589937
426,0.0632914
427,0.246616
428,0.151013
429,0.015364
430,0.289453
431,0.0133196
432,0.0128739
433,0.028673
434,0.0219032
435,0.0129628
436,0.0720837
437,0.0191766
438,0.0134405
439,0.0484444
440,0.0156639
441,0.0132114
442,0.0120811
443,0.714254
444,0.0229894
445,0.0138994
446,0.168621
447,0.0168333
448,0.078531
449,0.0231778
450,0.0132558
451,0.0124798
452,0.166731
453,0.0234012
454,0.0157179
455,0.012333
456,0.0165506
457,0.0174247
458,0.0169955
459,0.015544
460,0.228994
461,0.0217656
462,0.283586
463,0.0384535
464,0.0134819
465,0.211076
466,0.0744253
467,0.015317
468,0.0120206
469,0.0457033
470,0.0139382
471,0.0240121
472,0.0125458
473,0.0181327
474,0.014274
475,0.0206771
476,0.0166767
477,0.0274982
478,0.0156
479,0.145858
480,0.0721864
481,0.069437
482,0.0173856
483,0.0150539
484,0.261207
485,0.0298767
486,0.0141136
487,0.0180205
488,0.0167932
489,0.0127191
490,0.0129806
491,0.0180926
492,0.0120695
493,0.0240887
494,0.0402539
495,0.227376
496,0.0112191
497,0.0133544
498,0.0346351
499,0.0168539
500,0.0155746
501,0.0140238
502,0.0681894
503,0.0154777
504,0.0185833
505,0.0155122
506,0.0193889
507,0.0246587
508,0.017735
509,0.0140747
510,0.0553941
511,0.0137624
512,0.0413466
513,0.0236883
514,0.0132618
515,0.0134078
516,0.0139177
517,0.05037
518,0.0756432
519,0.012346
520,0.148118
521,0.0698703
522,0.0122366
523,0.151695
524,0.019128
525,0.0419987
526,0.0191263
527,0.226416
528,0.27028
529,0.0228222
530,0.0178608
531,0.0163964
532,0.0171263
533,0.0124044
534,0.014213
535,0.0156302
536,0.0725388
537,0.0297622
538,0.0426105
539,0.0219108
540,0.0131825
541,0.01061
542,0.0118843
543,0.0822647
544,0.0656621
545,0.0832847
546,0.0690073
547,0.0199297
548,0.0215529
549,0.0416135
550,0.019521
551,0.0168287
552,0.282712
553,0.0144065
554,0.047792
555,0.0155377
556,0.0401856
557,0.013436
558,0.0814748
559,0.3663
560,0.165827
561,0.0133708
562,0.0898095
563,0.014284
564,0.0141591
565,0.0738566
566,0.0196179
567,0.06604
568,0.0514106
569,0.0140285
570,0.0149215
571,0.0126466
572,0.013207
573,0.140625
574,0.0555121
575,0.0146946
576,0.0154687
577,0.0577277
578,0.0262842
579,0.0172279
580,0.0177113
581,0.032308
582,0.0168309
583,0.0141876
584,0.0171818
585,0.0159737
586,0.080659
587,0.0206819
588,0.013579
589,0.0120579
590,0.0143127
591,0.0173494
592,0.0700697
593,0.242003
594,0.0423132
595,0.0169003
596,0.0154286
597,0.0181697
598,0.25939
599,0.153535
600,0.0153352
601,0.102983
602,0.014365
603,0.0154059
604,0.0120243
605,0.0125819
606,0.0484709
607,0.0548634
608,0.0855188
609,0.0261214
610,0.0129658
611,0.0566425
612,0.0128678
613,0.0263464
614,0.0222464
615,0.0151327
616,0.0615113
617,0.0184433
618,0.0177148
619,0.0966863
620,0.015579
621,0.0132546
622,0.0160438
623,0.155138
624,0.0658617
625,0.0157207
626,0.0221557
627,0.0124053
628,0.0179743
629,0.0151859
630,0.199635
631,0.0803349
632,0.02702
633,0.166305
634,0.0281607
635,0.105244
636,0.0173934
637,0.0121098
638,0.0660538
639,0.0214775
640,0.0506261
641,0.0194143
642,0.0174865
643,0.01489
644,0.060849
645,0.0146964
646,0.0626712
647,0.0160767
648,0.193338
649,0.0141883
650,0.0185379
651,0.181578
652,0.0615283
653,0.013915
654,0.0152435
655,0.133123
656,0.013065
657,0.0136953
658,0.0576801
659,0.0201799
660,0.0940371
661,0.157957
662,0.138601
663,0.0192454
664,0.02328
665,0.0789399
666,0.0238547
667,0.0161408
668,0.0173551
669,0.07919
670,0.015861
671,0.0126018
672,0.0563688
673,0.15596
674,0.0154448
675,0.0152629
676,0.0192169
677,0.0189858
678,0.272782
679,0.0146575
680,0.0170362
681,0.0253341
682,0.187803
683,0.014529
684,0.014723
685,0.148102
686,0.0126316
687,0.0533148
688,0.0968063
689,0.464123
690,0.016044
691,0.0152299
692,0.0130071
693,0.0237232
694,0.0779325
695,0.0196526
696,0.017279
697,0.014146
698,0.151626
699,0.0929403
700,0.0162631
701,0.0530087
702,0.337761
703,0.0145932
704,0.721775
705,0.139569
706,0.012784
707,0.0133023
708,0.0127365
709,0.057416
710,0.0133454
711,0.0712521
712,0.0600408
713,0.0134081
714,0.0151134
715,0.0138295
716,0.0648835
717,0.0157813
718,0.0166787
719,0.0157011
720,0.0634003
721,0.0138542
722,0.0159552
723,0.156564
724,0.0124077
725,0.0145413
726,0.0174156
727,0.0170943
728,0.204882
729,0.0164884
730,0.0668848
731,0.0185589
732,0.0905781
733,0.016291
734,0.0247308
735,0.0301352
736,0.0186516
737,0.0148612
738,0.266956
739,0.0489247
740,0.0520799
741,0.0546051
742,0.0157446
743,0.0148311
744,0.0163748
745,0.0167699
746,0.0187935
747,0.0156377
748,0.0585747
749,0.0186468
750,0.0712836
751,0.0571441
752,0.0192806
753,0.0142021
754,0.0164418
755,0.0145371
756,0.181725
757,0.0808361
758,0.0173452
759,0.0128997
760,0.215708
761,0.0112148
762,0.0179205
763,0.0899273
764,0.0626474
765,0.0140741
766,0.0214935
767,0.0606123
768,0.0154501
769,0.0156814
770,0.0167477
771,0.0324205
772,0.0150698
773,0.014815
774,0.0187888
775,0.0129839
776,0.0113988
777,0.0177662
778,0.0531044
779,0.150488
780,0.0142756
781,0.0170033
782,0.0157623
783,0.0625564
784,0.0193111
785,0.0694448
786,0.0130601
787,0.0181919
788,0.0843712
789,0.0178179
790,0.019494
791,0.0552217
792,0.0131881
793,0.0543341
794,0.28214
795,0.151193
796,0.014761
797,0.0947618
798,0.0180567
799,0.0488868
800,0.0157879
801,0.787782
802,0.0185371
803,0.0162487
804,0.0160393
805,0.0778684
806,0.368751
807,0.0535145
808,0.0156563
809,0.0184687
810,0.0203568
811,0.0754469
812,0.066824
813,0.149247
814,0.0140264
815,0.803316
816,0.0650056
817,0.0151737
818,0.0565812
819,0.0168864
820,0.0147454
821,0.0200024
822,0.0160618
823,0.0125491
824,0.0815663
825,0.0231161
826,0.0116306
827,0.0174443
828,0.183095
829,0.0145937
830,0.0171695
831,0.015529
832,0.0404516
833,0.0119182
834,0.0153416
835,0.0129713
836,0.0130096
837,0.0226309
838,0.0687344
839,0.0168013
840,0.0157418
841,0.0184339
842,0.0322584
843,0.0131087
844,0.023123
845,0.0176526
846,0.0142724
847,0.0140176
848,0.164878
849,0.0390113
850,0.018627
851,0.0170773
852,0.0122616
853,0.0170488
854,0.0169316
855,0.0143212
856,0.01356
857,0.0151706
858,0.439525
859,0.0192882
860,0.0165366
861,0.015549
862,0.0140964
863,0.143297
864,0.0191378
865,0.0328215
866,0.0126385
867,0.275354
868,0.0163092
869,0.0121287
870,0.071764
871,0.0409352
872,0.0177527
873,0.0146187
874,0.0135974
875,0.0133458
876,0.0150495
877,0.0628614
878,0.158433
879,0.225311
880,0.177868
881,0.0170945
882,0.0138896
883,0.0161314
884,0.0145669
885,0.0508351
886,0.0574602
887,0.128643
888,0.0581489
889,0.0971536
890,0.0159233
891,0.0190312
892,0.015668
893,0.0520516
894,0.0153637
895,0.0172398
896,0.0120524
897,0.0144462
898,0.0206361
899,0.0149935
900,0.0859568
901,0.0704116
902,0.0209961
903,0.0141836
904,0.0138814
905,0.0173921
906,0.0134588
907,0.0886293
908,0.290476
909,0.0169137
910,0.152405
911,0.0154044
912,0.0186997
913,0.0204181
914,0.0168402
915,0.159983
916,0.0156659
917,0.0165124
918,0.150248
919,0.0632838
920,0.0188632
921,0.0736339
922,0.0134926
923,0.0138692
924,0.189347
925,0.0153792
926,0.0175695
927,0.0133777
928,0.0134279
929,0.327034
930,0.0151008
931,0.0171398
932,0.053126
933,0.190421
934,0.0166214
935,0.020526
936,0.0975748
937,0.0563492
938,0.0105301
939,0.023885
940,0.0157311
941,0.141428
942,0.0175835
943,0.015756
944,0.0145246
945,0.014476
946,0.0149797
947,0.0164805
948,0.0554055
949,0.015705
950,0.0590871
951,0.0197366
952,0.0143759
953,0.154997
954,0.018116
955,0.0727117
956,0.364975
957,0.0800284
958,0.0189872
959,0.0706158
960,0.0535906
961,0.228971
962,0.0179704
963,0.0155828
964,0.0150353
965,0.017616
966,0.0272715
967,0.0298607
968,0.0127216
969,0.0596246
970,0.0162234
971,0.065385
972,0.0834906
973,0.0133221
974,0.200482
975,0.0172983
976,0.0164871
977,0.014495
978,0.0228024
979,0.0140453
980,0.015741
981,0.0167417
982,0.0152341
983,0.0762373
984,0.0184274
985,0.0133719
986,0.137721
987,0.0165751
988,0.0160502
989,0.068042
990,0.0261175
991,0.0414032
992,0.027133
993,0.0637952
994,0.0177624
995,0.0387607
996,0.366752
997,0.0632187
998,0.155819
999,0.0331639
1000,0.0140881
1001,0.0115651
1002,0.0855743
1003,0.572521
1004,0.226477
1005,0.0211047
1006,0.0676423
1007,0.0261974
1008,0.0188852
1009,0.0139655
1010,0.0176973
1011,0.0136077
1012,0.760913
1013,0.163898
1014,0.146797
1015,0.0192959
1016,0.0171944
1017,0.0214981
1018,0.0752474
1019,0.0175551
1020,0.0164943
1021,0.0397192
1022,0.0148005
1023,0.0172054
1024,0.049992
1025,0.0216516
1026,0.0152807
1027,0.0495609
1028,0.0291283
1029,0.0133247
1030,0.0140044
1031,0.0418824
1032,0.0187779
1033,0.0169214
1034,0.0158466
1035,0.0171308
1036,0.0191549
1037,0.0255102
1038,0.0147486
1039,0.26721
1040,0.0413457
1041,0.0221253
1042,0.0594241
1043,0.135805
1044,0.36593
1045,0.466479
1046,0.0191223
1047,0.0194961
1048,0.0168619
1049,0.0163272
1050,0.0494786
1051,0.047006
1052,0.270429
1053,0.0236362
1054,0.271538
1055,0.0190686
1056,0.0135147
1057,0.067554
1058,0.0143923
1059,0.0110579
1060,0.0143026
1061,0.066932
1062,0.0146213
1063,0.0173219
1064,0.0304701
1065,0.019367
1066,0.0192309
1067,0.0179327
1068,0.0254598
1069,0.0151153
1070,0.0178535
1071,0.0123612
1072,0.344688
1073,0.014301
1074,0.0159276
1075,0.309433
1076,0.0138555
1077,0.093483
1078,0.0248241
1079,0.158083
1080,0.0408647
1081,0.0426808
1082,0.0151566
1083,0.767414
1084,0.0167556
1085,0.0171236
1086,0.746507
1087,0.0182572
1088,0.0174667
1089,0.0122195
1090,0.0989354
1091,0.0129469
1092,0.0164068
1093,0.0175444
1094,0.147354
1095,0.176381
1096,0.0129723
1097,0.0113893
1098,0.0136969
1099,0.0138743
1100,0.0134609
1101,0.0530432
1102,0.0129505
1103,0.0118978
1104,0.0395496
1105,0.020721
1106,0.0156536
1107,0.0178098
1108,0.0174293
1109,0.012963
1110,0.0202344
1111,0.0114826
1112,0.492721
1113,0.0216769
1114,0.0161633
1115,0.0175988
1116,0.0754904
1117,0.0128164
1118,0.235556
1119,0.0223214
1120,0.0880054
1121,0.0168644
1122,0.0173414
1123,0.0512714
1124,0.0230755
1125,0.0612497
1126,0.0151542
1127,0.0566679
1128,0.0893293
1129,0.0675485
1130,0.0970044
1131,0.269291
1132,0.73195
1133,0.0154072
1134,0.0158287
1135,0.0139822
1136,0.0144248
1137,0.0119371
1138,0.0894455
1139,0.0994384
1140,0.0660011
1141,0.177979
1142,0.0698057
1143,0.0737605
1144,0.0129261
1145,0.0867455
1146,0.101779
1147,0.018276
1148,0.0164404
1149,0.0125184
1150,0.275798
1151,0.0229388
1152,0.18169
1153,0.0157135
1154,0.0173691
1155,0.0175556
1156,0.0208233
1157,0.159009
1158,0.0171027
1159,0.259522
1160,0.0149934
1161,0.0523327
1162,0.0163481
1163,0.016322
1164,0.0141036
1165,0.0150008
1166,0.014004
1167,0.151928
1168,0.0143436
1169,0.0166039
1170,0.0173008
1171,0.0220347
1172,0.14896
1173,0.0800973
1174,0.0159172
1175,0.267117
1176,0.0429099
1177,0.0185128
1178,0.0937605
1179,0.208412
1180,0.0884547
1181,0.022147
1182,0.274836
1183,0.013916
1184,0.0546348
1185,0.0172811
1186,0.0191632
1187,0.0141961
1188,0.0132066
1189,0.0145113
1190,0.0153208
1191,0.173329
1192,0.0132144
1193,0.0152496
1194,0.0132427
1195,0.180986
1196,0.175366
1197,0.015079
1198,0.137372
1199,0.204203
1200,0.0465339
1201,0.0167553
1202,0.151347
1203,0.144313
1204,0.0162035
1205,0.017117
1206,0.0122361
1207,0.0179589
1208,0.138991
1209,0.0229008
1210,0.0512973
1211,0.0182211
1212,0.0133352
1213,0.0664
1214,0.154811
1215,0.0146887
1216,0.0137179
1217,0.0136353
1218,0.063211
1219,0.0190268
1220,0.0139559
1221,0.0628627
1222,0.081924
1223,0.014328
1224,0.0148956
1225,0.0151881
1226,0.0167467
1227,0.0602411
1228,0.0147888
1229,0.0712779
1230,0.190346
1231,0.0143617
1232,0.0123016
1233,0.0128182
1234,0.0196571
1235,0.0712995
1236,0.0162768
1237,0.0141876
1238,0.0587378
1239,0.0150949
1240,0.0142711
1241,0.0131713
1242,0.716241
1243,0.016738
1244,0.0150666
1245,0.0776788
1246,0.0631067
1247,0.0195493
1248,0.0141675
1249,0.0549615
1250,0.0161234
1251,0.0141958
1252,0.0219604
1253,0.0169946
1254,0.144739
1255,0.0279221
1256,0.0158992
1257,0.0665724
1258,0.0160767
1259,0.0158349
1260,0.0877702
1261,0.0124405
1262,0.288232
1263,0.0188376
1264,0.142902
1265,0.0165417
1266,0.019899
1267,0.0212364
1268,0.148405
1269,0.0169549
1270,0.0460834
1271,0.0186552
1272,0.0176024
1273,0.0213593
1274,0.138394
1275,0.0178877
1276,0.0615178
1277,0.0185671
1278,0.0174321
1279,0.146957
1280,0.0173112
1281,0.0155119
1282,0.0148313
1283,0.0148137
1284,0.00963206
1285,0.0794536
1286,0.258543
1287,0.0197129
1288,0.0143546
1289,0.0169616
1290,0.0144869
1291,0.0189943
1292,0.0157807
1293,0.311904
1294,0.0181539
1295,0.0177316
1296,0.0116115
1297,0.0193589
1298,0.750618
1299,0.0222635
1300,0.274873
1301,0.0123305
1302,0.157355
1303,0.0689497
1304,0.0135531
1305,0.0146778
1306,0.0147426
1307,0.013678
1308,0.0594795
1309,0.01506
1310,0.144748
1311,0.365473
1312,0.0157636
1313,0.0957938
1314,0.0186509
1315,0.0137353
1316,0.13718
1317,0.0185516
1318,0.0205284
1319,0.0297215
1320,0.014691
1321,0.687793
1322,0.790681
1323,0.0120762
1324,0.07084
1325,0.459159
1326,0.0637595
1327,0.0232877
1328,0.0189416
1329,0.017476
1330,0.0128371
1331,0.0858565
1332,0.0145676
1333,0.0275118
1334,0.0184654
1335,0.0137296
1336,0.494388
1337,0.0195224
1338,0.0152192
1339,0.0736036
1340,0.0146226
1341,0.148279
1342,0.0606501
1343,0.0154184
1344,0.0137971
1345,0.0183791
1346,0.07564
1347,0.276081
1348,0.0139185
1349,0.0150285
1350,0.257113
1351,0.158883
1352,0.0167686
1353,0.517618
1354,0.226139
1355,0.0317553
1356,0.0134863
1357,0.0166442
1358,0.0204981
1359,0.0809815
1360,0.365102
1361,0.0162734
1362,0.0171397
1363,0.148266
1364,0.0248115
1365,0.0151281
1366,0.021365
1367,0.0747912
1368,0.0425367
1369,0.0256636
1370,0.0939507
1371,0.0554732
1372,0.0514089
1373,0.0161288
1374,0.249882
1375,0.0127441
1376,0.0171111
1377,0.0139208
1378,0.0168599
1379,0.0874519
1380,0.0218145
1381,0.0140104
1382,0.0178709
1383,0.0213899
1384,0.0757997
1385,0.145919
1386,0.0168282
1387,0.0128664
1388,0.0292896
1389,0.0151114
1390,0.0167493
1391,0.0169828
1392,0.0813681
1393,0.0568738
1394,0.0165422
1395,0.0147688
1396,0.0137915
1397,0.742117
1398,0.0310058
1399,0.0875903
1400,0.0319132
1401,0.148445
1402,0.153811
1403,0.0159799
1404,0.0133288
1405,0.0175669
1406,0.0186621
1407,0.0193915
1408,0.15639
1409,0.0228464
1410,0.0758504
1411,0.0876312
1412,0.0182297
1413,0.0414668
1414,0.264825
1415,0.0136312
1416,0.0333295
1417,0.0168245
1418,0.0821589
1419,0.0145976
1420,0.0183167
1421,0.0149532
1422,0.0550789
1423,0.0632281
1424,0.17528
1425,0.0114716
1426,0.018097
1427,0.0430291
1428,0.0531879
1429,0.0146651
1430,0.0125875
1431,0.0908623
1432,0.153174
1433,0.0655699
1434,0.0167954
1435,0.0176848
1436,0.0133457
1437,0.0168571
1438,0.0329435
1439,0.287486
1440,0.0185067
1441,0.0141979
1442,0.0195268
1443,0.017957
1444,0.0187937
1445,0.0705474
1446,0.159199
1447,0.0136635
1448,0.016714
1449,0.0146249
1450,0.013255
1451,0.014095
1452,0.0199012
1453,0.0120733
1454,0.0666952
1455,0.0185375
1456,0.0151593
1457,0.0134721
1458,0.016207
1459,0.0137635
1460,0.0151634
1461,0.018184
1462,0.0125795
1463,0.0179513
1464,0.0148905
1465,0.277326
1466,0.0145781
1467,0.0483515
1468,0.0182776
1469,0.0729755
1470,0.0202882
1471,0.0268614
1472,0.0182676
1473,0.0175177
1474,0.0947062
1475,0.0787471
1476,0.0148563
1477,0.138681
1478,0.0133337
1479,0.048046
1480,0.0196175
1481,0.359803
1482,0.155951
1483,0.0185628
1484,0.016171
1485,0.0188785
1486,0.0482183
1487,0.2539
1488,0.496551
1489,0.0140618
1490,0.137635
1491,0.0124612
1492,0.0154025
1493,0.0206317
1494,0.351236
1495,0.051139
1496,0.013002
1497,0.0143386
1498,0.0167282
1499,0.0670122
1500,0.0688828
1501,0.0773674
1502,0.264186
1503,0.0162413
1504,0.175211
1505,0.052424
1506,0.0163115
1507,0.0174928
1508,0.0211482
1509,0.016103
1510,0.0923907
1511,0.06302
1512,0.0202361
1513,0.0154283
1514,0.0134039
1515,0.178025
1516,0.0560016
1517,0.0185324
1518,0.0200381
1519,0.0191685
1520,0.0164546
1521,0.0181916
1522,0.0186771
1523,0.0207738
1524,0.0384796
1525,0.0754675
1526,0.0290886
1527,0.0147817
1528,0.0171475
1529,0.0342793
1530,0.0328226
1531,0.0148441
1532,0.0537616
1533,0.0149205
1534,0.0160965
1535,0.0134043
1536,0.0604683
1537,0.0976855
1538,0.0181577
1539,0.0166743
1540,0.0180842
1541,0.217764
1542,0.0623994
1543,0.211532
1544,0.0142594
1545,0.0113514
1546,0.0170234
1547,0.0135483
1548,0.0129451
1549,0.0202924
1550,0.019749
1551,0.0164153
1552,0.070796
1553,0.0123209
1554,0.0137116
1555,0.0104743
1556,0.0131595
1557,0.0761938
1558,0.0348978
1559,0.0168441
1560,0.083179
1561,0.0150742
1562,0.0128722
1563,0.0151757
1564,0.0555528
1565,0.0124177
1566,0.0173231
1567,0.0114167
1568,0.0175866
1569,0.0602303
1570,0.168241
1571,0.0187379
1572,0.0192834
1573,0.0150093
1574,0.0179239
1575,0.0111125
1576,0.0173804
1577,0.0207751
1578,0.0142248
1579,0.0130795
1580,0.0319862
1581,0.0973149
1582,0.0157612
1583,0.407569
1584,0.154605
1585,0.093168
1586,0.044767
1587,0.0170672
1588,0.0177462
1589,0.0151383
1590,0.01723
1591,0.0234875
1592,0.0721156
1593,0.0144867
1594,0.0853552
1595,0.0139911
1596,0.0113431
1597,0.0199114
1598,0.147417
1599,0.0153884
1600,0.0150073
1601,0.0156037
1602,0.249458
1603,0.296495
1604,0.019047
1605,0.064239
1606,0.0811819
1607,0.0132742
1608,0.0135447
1609,0.272831
1610,0.0231849
1611,0.0195591
1612,0.0170511
1613,0.0131655
1614,0.0176684
1615,0.27141
1616,0.0191457
1617,0.255437
1618,0.01147
1619,0.0753331
1620,0.0186779
1621,0.0126717
1622,0.168468
1623,0.0753564
1624,0.014863
1625,0.075156
1626,0.0161878
1627,0.0196083
1628,0.0501812
1629,0.075723
1630,0.0560786
1631,0.0198632
1632,0.0146139
1633,0.0130715
1634,0.0127653
1635,0.945125
1636,0.0138884
1637,0.0787802
1638,0.0141698
1639,0.0172798
1640,0.0137711
1641,0.02044
1642,0.0127246
1643,0.018015
1644,0.0276122
1645,0.936185
1646,0.0573997
1647,0.227123
1648,0.0208769
1649,0.096983
1650,0.0131605
1651,0.0184378
1652,0.0181636
1653,0.0920687
1654,0.0187161
1655,0.0159072
1656,0.0257967
1657,0.0164766
1658,0.0996271
1659,0.0179941
1660,0.0121775
1661,0.015022
1662,0.0721227
1663,0.0145776
1664,0.0264792
1665,0.020046
1666,0.0177538
1667,0.0817778
1668,0.0227705
1669,0.033534
1670,0.0138605
1671,0.0165673
1672,0.015455
1673,0.627004
1674,0.268287
1675,0.0168831
1676,0.0139226
1677,0.191053
1678,0.0159908
1679,0.0146814
1680,0.0215326
1681,0.0185028
1682,0.0133153
1683,0.0128293
1684,0.0142024
1685,0.201962
1686,0.0591342
1687,0.0126963
1688,0.0145106
1689,0.243539
1690,0.0694616
1691,0.0181371
1692,0.0155256
1693,0.0556577
1694,0.0137973
1695,0.041206
1696,0.0593983
1697,0.0157206
1698,0.177594
1699,0.013736
1700,0.43987
1701,0.016242
1702,0.0142232
1703,0.0159044
1704,0.149977
1705,0.167331
1706,0.0192581
1707,0.0173906
1708,0.0722627
1709,0.0748735
1710,0.012127
1711,0.0169209
1712,0.494451
1713,0.0208002
1714,0.0611462
1715,0.0167396
1716,0.0181149
1717,0.279892
1718,0.080374
1719,0.0143156
1720,0.0136272
1721,0.0139412
1722,0.276246
1723,0.0782596
1724,0.016981
1725,0.016687
1726,0.0163778
1727,0.012815
1728,0.0170389
1729,0.0192269
1730,0.0205655
1731,0.0163234
1732,0.0132095
1733,0.0155276
1734,0.0165083
1735,0.0166682
1736,0.135939
1737,0.0311232
1738,0.271169
1739,0.0155851
1740,0.0119942
1741,0.0148015
1742,0.0639738
1743,0.0154581
1744,0.0157585
1745,0.0736152
1746,0.0728667
1747,0.085137
1748,0.0156572
1749,0.0132736
1750,0.0171385
1751,0.0659139
1752,0.0285178
1753,0.0409256
1754,0.0139287
1755,0.0164999
1756,0.0156038
1757,0.0165701
1758,0.0452242
1759,0.763008
1760,0.023183
1761,0.151676
1762,0.0150267
1763,0.0835026
1764,0.0141311
1765,0.05686
1766,0.0189416
1767,0.0214159
1768,0.0342063
1769,0.0716032
1770,0.029436
1771,0.0190726
1772,0.0125803
1773,0.17014
1774,0.0168442
1775,0.18018
1776,0.0169591
1777,0.0161159
1778,0.0159292
1779,0.0852353
1780,0.0137207
1781,0.0136101
1782,0.0802614
1783,0.75153
1784,0.01568
1785,0.0153164
1786,0.215105
1787,0.0156952
1788,0.0225003
1789,0.604354
1790,0.015873
1791,0.017975
1792,0.0188276
1793,0.125386
1794,0.0185532
1795,0.0155467
1796,0.343178
1797,0.0208068
1798,0.0743631
1799,0.0154091
1800,0.0138609
1801,0.564482
1802,0.0633378
1803,0.211908
1804,0.087181
1805,0.0165431
1806,0.168668
1807,0.16321
1808,0.0166483
1809,0.0211612
1810,0.0154995
1811,0.0133785
1812,0.0155447
1813,0.0668028
1814,0.0636222
1815,0.0912381
1816,0.0256705
1817,0.0143448
1818,0.0226239
1819,0.0132477
1820,0.0698331
1821,0.0914989
1822,0.0842248
1823,0.0136481
1824,0.0484458
1825,0.0793965
1826,0.0238437
1827,0.0118411
1828,0.0136508
1829,0.0181464
1830,0.0181247
1831,0.0910702
1832,0.0165358
1833,0.0142877
1834,0.0611299
1835,0.0165652
1836,0.0569772
1837,0.0133638
1838,0.0615281
1839,0.0182936
1840,0.0173416
1841,0.0122672
1842,0.0193563
1843,0.0936502
1844,0.0137277
1845,0.0174487
1846,0.0157405
1847,0.0171211
1848,0.0151756
1849,0.276866
1850,0.0146957
1851,0.0130242
1852,0.0382844
1853,0.0312217
1854,0.0160712
1855,0.020126
1856,0.0254636
1857,0.0462764
1858,0.0196205
1859,0.0267367
1860,0.0248616
1861,0.0187609
1862,0.276305
1863,0.190839
1864,0.386646
1865,0.0540582
1866,0.0179234
1867,0.0184202
1868,0.0146432
1869,0.0399121
1870,0.0140364
1871,0.0199017
1872,0.0184564
1873,0.0181462
1874,0.0605145
1875,0.148615
1876,0.0156073
1877,0.0157953
1878,0.0129291
1879,0.211446
1880,0.0887692
1881,0.014077
1882,0.0184304
1883,0.0551834
1884,0.0586672
1885,0.0143397
1886,0.0142379
1887,0.0154329
1888,0.0547698
1889,0.0989281
1890,0.0131491
1891,0.0136578
1892,0.263314
1893,0.0128193
1894,0.0134092
1895,0.291387
1896,0.0606272
1897,0.0171978
1898,0.0939592
1899,0.0138583
1900,0.0957371
1901,0.0735305
1902,0.0140941
1903,0.265057
1904,0.0137876
1905,0.139019
1906,0.0174898
1907,0.0181591
1908,0.0157935
1909,0.060009
1910,0.0227078
1911,0.0616525
1912,0.0145427
1913,0.0176096
1914,0.0134199
1915,0.0143444
1916,0.0160604
1917,0.0902019
1918,0.0346652
1919,0.0461507
1920,0.0164494
1921,0.0517926
1922,0.012752
1923,0.748783
1924,0.0494804
1925,0.231327
1926,0.0200048
1927,0.0279396
1928,0.0151629
1929,0.0184733
1930,0.0181086
1931,0.0146371
1932,0.154737
1933,0.0178746
1934,0.292319
1935,0.014469
1936,0.148667
1937,0.0162949
1938,0.0245427
1939,0.0154848
1940,0.0221417
1941,0.0145035
1942,0.0132445
1943,0.095735
1944,0.0163164
1945,0.151571
1946,0.0128973
1947,0.0411699
1948,0.0132522
1949,0.0565273
1950,0.0406549
1951,0.0158813
1952,0.610944
1953,0.0711667
1954,0.00944425
1955,0.0125476
1956,0.0149387
1957,0.0577465
1958,0.770259
1959,0.145252
1960,0.206444
1961,0.0184372
1962,0.0126874
1963,0.0216574
1964,0.020964
1965,0.0528789
1966,0.0200788
1967,0.0168459
1968,0.0214012
1969,0.0155281
1970,0.165375
1971,0.0351316
1972,0.0562375
1973,0.0156623
1974,0.0125086
1975,0.015308
1976,0.0168909
1977,0.0556069
1978,0.013195
1979,0.0134477
1980,0.0142703
1981,0.444345
1982,0.0147603
1983,0.0157426
1984,0.0619066
1985,0.0134507
1986,0.0651263
1987,0.0547517
1988,0.0657799
1989,0.0165422
1990,0.0146809
1991,0.174082
1992,0.0182875
1993,0.0149946
1994,0.15202
1995,0.0138191
1996,0.015531
1997,0.226547
1998,0.293287
1999,0.0186981
2000,0.0510916
2001,0.0191912
2002,0.207741
2003,0.0172892
2004,0.154226
2005,0.0231843
2006,0.0859469
2007,0.020794
2008,0.0417592
2009,0.381459
2010,0.0147729
2011,0.142629
2012,0.0620881
2013,0.0134675
2014,0.53912
2015,0.015505
2016,0.155757
2017,0.0445136
2018,0.139427
2019,0.0179365
2020,0.0160678
2021,0.149133
2022,0.0170223
2023,0.0153425
2024,0.0156315
2025,0.0198709
2026,0.0573567
2027,0.0206427
2028,0.0124192
2029,0.0732773
2030,0.624361
2031,0.0160371
2032,0.0196445
2033,0.209883
2034,0.0184119
2035,0.0162882
2036,0.0154535
2037,0.138359
2038,0.0112683
2039,0.0383445
2040,0.0183272
2041,0.0143573
2042,0.21799
2043,0.0166845
2044,0.0193861
2045,0.0154929
2046,0.0182792
2047,0.0162258
2048,0.0131617
2049,0.0172986
2050,0.0159826
2051,0.203583
2052,0.0132937
2053,0.0201679
2054,0.0750897
2055,0.0243583
2056,0.0575689
2057,0.0144349
2058,0.0173378
2059,0.285443
2060,0.0606988
2061,0.0439966
2062,0.0140209
2063,0.0152117
2064,0.0146559
2065,0.0168789
2066,0.0518492
2067,0.0212715
2068,0.014879
2069,0.0189707
2070,0.0139232
2071,0.0151411
2072,0.0788884
2073,0.144423
2074,0.0177342
2075,0.0158895
2076,0.0873152
2077,0.0129466
2078,0.0178113
2079,0.0180365
2080,0.016244
2081,0.0636546
2082,0.0177521
2083,0.193393
2084,0.0181101
2085,0.0178733
2086,0.0171632
2087,0.132406
2088,0.359145
2089,0.0111516
2090,0.0171555
2091,0.0189095
2092,0.0854389
2093,0.0735076
2094,0.0143971
2095,0.019347
2096,0.0268157
2097,0.820072
2098,0.0172697
2099,0.0552872
2100,0.0153811
2101,0.789369
2102,0.0564527
2103,0.0177108
2104,0.0153253
2105,0.0195533
2106,0.244005
2107,0.0170393
2108,0.159443
2109,0.444576
2110,0.0178421
2111,0.102815
2112,0.0120762
2113,0.0550064
2114,0.422173
2115,0.0157123
2116,0.136614
2117,0.0118579
2118,0.0153897
2119,0.0673094
2120,0.0120177
2121,0.0550233
2122,0.0140168
2123,0.013033
2124,0.0174104
2125,0.0165413
2126,0.0579691
2127,0.0174158
2128,0.0200099
2129,0.0154384
2130,0.0626687
2131,0.0780107
2132,0.0120828
2133,0.0137383
2134,0.0172801
2135,0.012976
2136,0.0543655
2137,0.0610983
2138,0.0131328
2139,0.069943
2140,0.0103825
2141,0.0167117
2142,0.357693
2143,0.363833
2144,0.0141312
2145,0.0589819
2146,0.0164051
2147,0.016362
2148,0.0171763
2149,0.0120735
2150,0.0677355
2151,0.0174555
2152,0.202065
2153,0.0334382
2154,0.0158432
2155,0.0148658
2156,0.355298
2157,0.0145211
2158,0.140529
2159,0.0146323
2160,0.048319
2161,0.173465
2162,0.0146853
2163,0.0185606
2164,0.0148185
2165,0.198235
2166,0.0910712
2167,0.0785979
2168,0.205702
2169,0.0181664
2170,0.0151893
2171,0.0188385
2172,0.0184214
2173,0.0407294
2174,0.0230682
2175,0.0557392
2176,0.0139318
2177,0.0580527
2178,0.0158884
2179,0.0171287
2180,0.0188283
2181,0.0120464
2182,0.0146092
2183,0.0145187
2184,0.0148608
2185,0.466457
2186,0.0645321
2187,0.0590933
2188,0.0932741
2189,0.0222871
2190,0.0171327
2191,0.0138107
2192,0.175757
2193,0.0584105
2194,0.16731
2195,0.0997286
2196,0.018539
2197,0.015592
2198,0.0165333
2199,0.477975
2200,0.0561283
2201,0.171427
2202,0.0732542
2203,0.269779
2204,0.0145165
2205,0.0118179
2206,0.0213588
2207,0.058773
2208,0.460517
2209,0.0717613
2210,0.0554826
2211,0.0171244
2212,0.0177059
2213,0.0179009
2214,0.0112016
2215,0.0129271
2216,0.0173724
2217,0.0159364
2218,0.0132194
2219,0.0153197
2220,0.260401
2221,0.0183322
2222,0.0155664
2223,0.017718
2224,0.0982183
2225,0.277959
2226,0.0714346
2227,0.210361
2228,0.021735
2229,0.0135768
2230,0.0135342
2231,0.0173434
2232,0.0172046
2233,0.276466
2234,0.0132935
2235,0.0175181
2236,0.0193909
2237,0.0157658
2238,0.268891
2239,0.0131717
2240,0.0196558
2241,0.0162341
2242,0.0269282
2243,0.0437433
2244,0.0273213
2245,0.161828
2246,0.0178789
2247,0.255196
2248,0.0265128
2249,0.0153851
2250,0.955568
2251,0.0133233
2252,0.0714217
2253,0.020698
2254,0.0483263
2255,0.257573
2256,0.950055
2257,0.0546868
2258,0.0161455
2259,0.0693401
2260,0.0391818
2261,0.133217
2262,0.0157235
2263,0.0155715
2264,0.0122317
2265,0.0152933
2266,0.0140377
2267,0.014338
2268,0.0300274
2269,0.0193225
2270,0.0133622
2271,0.0158626
2272,0.0150288
2273,0.0131696
2274,0.0847333
2275,0.0129813
2276,0.13717
2277,0.0150904
2278,0.0131467
2279,0.0544327
2280,0.0178271
2281,0.0145615
2282,0.0251025
2283,0.483335
2284,0.0792536
2285,0.059939
2286,0.012216
2287,0.0132361
2288,0.0529541
2289,0.282638
2290,0.021229
2291,0.0614496
2292,0.0176308
2293,0.0917094
2294,0.0655232
2295,0.016911
2296,0.171254
2297,0.131048
2298,0.0131818
2299,0.138665
2300,0.0159578
2301,0.016742
2302,0.013726
2303,0.0260121
2304,0.0883359
2305,0.0195344
2306,0.0217786
2307,0.0282986
2308,0.0928565
2309,0.0762989
2310,0.0976676
2311,0.0143611
2312,0.370277
2313,0.0151822
2314,0.0935617
2315,0.203458
2316,0.0933609
2317,0.0137111
2318,0.015891
2319,0.0147128
2320,0.051405
2321,0.0530068
2322,0.215241
2323,0.019376
2324,0.0190024
2325,0.0633707
2326,0.0158342
2327,0.0150234
2328,0.0142826
2329,0.0145113
2330,0.0151144
2331,0.220454
2332,0.0922323
2333,0.0156559
2334,0.0422679
2335,0.0855547
2336,0.0134102
2337,0.0741895
2338,0.0119161
2339,0.0769408
2340,0.361013
2341,0.29117
2342,0.15255
2343,0.0137752
2344,0.0180441
2345,0.0120459
2346,0.0184186
2347,0.0174528
2348,0.0149133
2349,0.0164472
2350,0.0141991
2351,0.0187515
2352,0.0162234
2353,0.0119465
2354,0.0635286
2355,0.239106
2356,0.34373
2357,0.0196837
2358,0.0476781
2359,0.0134828
2360,0.074504
2361,0.0153662
2362,0.0108656
2363,0.0721151
2364,0.0172414
2365,0.0133233
2366,0.0135866
2367,0.0161058
2368,0.0188929
2369,0.0131116
2370,0.0705509
2371,0.0174902
2372,0.0118457
2373,0.0526008
2374,0.0209699
2375,0.0585517
2376,0.0146989
2377,0.0864249
2378,0.0137792
2379,0.0531537
2380,0.0120231
2381,0.0169635
2382,0.0204624
2383,0.0565099
2384,0.17075
2385,0.249926
2386,0.0205483
2387,0.0658588
2388,0.0179844
2389,0.0700297
2390,0.0714149
2391,0.0480948
2392,0.253966
2393,0.0527219
2394,0.0431614
2395,0.0144514
2396,0.0151556
2397,0.0164841
2398,0.0196627
2399,0.212655
2400,0.0790533
2401,0.0134117
2402,0.013261
2403,0.0172394
2404,0.017957
2405,0.0117082
2406,0.132688
2407,0.061615
2408,0.0166966
2409,0.269021
2410,0.0119732
2411,0.0143517
2412,0.0605673
2413,0.0253022
2414,0.0150173
2415,0.0137832
2416,0.0291664
2417,0.0578095
2418,0.0123959
2419,0.360998
2420,0.017943
2421,0.0193542
2422,0.291646
2423,0.152916
2424,0.0277662
2425,0.0172619
2426,0.0788157
2427,0.0732115
2428,0.0164402
2429,0.0203866
2430,0.0128556
2431,0.0843297
2432,0.01949
2433,0.139861
2434,0.779233
2435,0.0175912
2436,0.0163965
2437,0.0136405
2438,0.0842669
2439,0.0184154
2440,0.0148103
2441,0.0208109
2442,0.713824
2443,0.0202953
2444,0.0162583
2445,0.0153954
2446,0.0163598
2447,0.0164096
2448,0.0822223
2449,0.0255555
2450,0.068723
2451,0.0147475
2452,0.0150329
2453,0.0201724
2454,0.0149026
2455,0.0250218
2456,0.0216877
2457,0.0131166
2458,0.0395829
2459,0.0167643
2460,0.0188273
2461,0.0157252
2462,0.0185433
2463,0.0138025
2464,0.201072
2465,0.0156357
2466,0.0132863
2467,0.0672745
2468,0.0168576
2469,0.0190911
2470,0.0787264
2471,0.0161764
2472,0.0184711
2473,0.0164633
2474,0.0129439
2475,0.0161866
2476,0.0144567
2477,0.0152497
2478,0.0183879
2479,0.0691495
2480,0.0214604
2481,0.0193952
2482,0.0251126
2483,0.0199128
2484,0.0282899
2485,0.0144576
2486,0.0182777
2487,0.0599459
2488,0.0159982
2489,0.0142105
2490,0.0118718
2491,0.378388
2492,0.0134956
2493,0.0143915
2494,0.0177128
2495,0.0136699
2496,0.0155877
2497,0.0507807
2498,0.0163373
2499,0.0115035
2500,0.0131576
2501,0.0202863
2502,0.157818
2503,0.0175864
2504,0.0170983
2505,0.0132638
2506,0.0123993
2507,0.0339073
2508,0.0162919
2509,0.792789
2510,0.266551
2511,0.084821
2512,0.075474
2513,0.0153201
2514,0.0171746
2515,0.0186634
2516,0.953123
2517,0.0775231
2518,0.0153359
2519,0.0379335
2520,0.044694
2521,0.0121822
2522,0.0745308
2523,0.254413
2524,0.789854
2525,0.0579514
2526,0.0163182
2527,0.147883
2528,0.209965
2529,0.0192262
2530,0.10332
2531,0.0208015
2532,0.296413
2533,0.0205284
2534,0.054515
2535,0.0165725
2536,0.01639
2537,0.0125967
2538,0.0136267
2539,0.0150092
2540,0.0126223
2541,0.0136921
2542,0.0545566
2543,0.0626667
2544,0.0127483
2545,0.0140051
2546,0.016799
2547,0.0176398
2548,0.0263027
2549,0.0149993
2550,0.0205826
2551,0.0127963
2552,0.0155417
2553,0.0191554
2554,0.022095
2555,0.0207287
2556,0.240402
2557,0.0168158
2558,0.0165334
2559,0.0296821
2560,0.0138763
2561,0.200098
2562,0.0230165
2563,0.0162206
2564,0.0895957
2565,0.0187406
2566,0.0178288
2567,0.0127488
2568,0.0172981
2569,0.0132054
2570,0.0174364
2571,0.030439
2572,0.0168469
2573,0.0865854
2574,0.352844
2575,0.791161
2576,0.0157835
2577,0.0464256
2578,0.016353
2579,0.0580556
2580,0.723207
2581,0.152183
2582,0.0765074
2583,0.0896783
2584,0.771661
2585,0.0182198
2586,0.0971682
2587,0.0173748
2588,0.0855099
2589,0.017997
2590,0.0599885
2591,0.0118118
2592,0.0139599
2593,0.0173421
2594,0.0120455
2595,0.0567671
2596,0.346261
2597,0.152923
2598,0.162723
2599,0.018843
2600,0.0136999
2601,0.013836
2602,0.0176142
2603,0.0289768
2604,0.0198617
2605,0.0142342
2606,0.177044
2607,0.0916261
2608,0.0135461
2609,0.0181126
2610,0.0226452
2611,0.0175119
2612,0.0133141
2613,0.0157718
2614,0.0159021
2615,0.0164109
2616,0.148935
2617,0.0169084
2618,0.14483
2619,0.0232871
2620,0.064246
2621,0.0959937
2622,0.0156444
2623,0.0240122
2624,0.0289813
2625,0.0875833
2626,0.210295
2627,0.0724661
2628,0.0631128
2629,0.0146769
2630,0.0163113
2631,0.0746636
2632,0.0183005
2633,0.0620398
2634,0.717976
2635,0.0153672
2636,0.132795
2637,0.151781
2638,0.0430081
2639,0.299163
2640,0.0161377
2641,0.0172747
2642,0.0126603
2643,0.0144918
2644,0.0315968
2645,0.013064
2646,0.019659
2647,0.17161
2648,0.0636754
2649,0.197042
2650,0.0825871
2651,0.0146696
2652,0.0177765
2653,0.0538223
2654,0.0177953
2655,0.0149795
2656,0.0158725
2657,0.0504235
2658,0.0142777
2659,0.015366
2660,0.0124335
2661,0.200364
2662,0.0981759
2663,0.0129235
2664,0.0143756
2665,0.0405112
2666,0.0182061
2667,0.0208855
2668,0.0178567
2669,0.0137526
2670,0.0132848
2671,0.0116854
2672,0.0309158
2673,0.0121489
2674,0.0673902
2675,0.0144527
2676,0.147735
2677,0.0130347
2678,0.013816
2679,0.0163272
2680,0.0672974
2681,0.0147892
2682,0.0161437
2683,0.269801
2684,0.0126596
2685,0.0824856
2686,0.0403021
2687,0.0156566
2688,0.0152762
2689,0.0152307
2690,0.0327521
2691,0.0166769
2692,0.0967933
2693,0.0284858
2694,0.0406741
2695,0.0939461
2696,0.0154628
2697,0.0146353
2698,0.0939742
2699,0.0176618
2700,0.0752584
2701,0.0155974
2702,0.0895204
2703,0.016127
2704,0.0147097
2705,0.0154819
2706,0.0633996
2707,0.0167151
2708,0.0185838
2709,0.0200476
2710,0.15377
2711,0.0171927
2712,0.0139443
2713,0.0129696
2714,0.0186234
2715,0.0166587
2716,0.0128736
2717,0.0147318
2718,0.207198
2719,0.0391444
2720,0.0162679
2721,0.0668544
2722,0.0182402
2723,0.0225423
2724,0.0164151
2725,0.0488426
2726,0.0164783
2727,0.429757
2728,0.173776
2729,0.016757
2730,0.023399
2731,0.163759
2732,0.0169418
2733,0.0146731
2734,0.0145797
2735,0.0153992
2736,0.0140352
2737,0.0186568
2738,0.0821725
2739,0.0200248
2740,0.0133799
2741,0.0186488
2742,0.0157879
2743,0.0189919
2744,0.0172638
2745,0.232897
2746,0.0221816
2747,0.018264
2748,0.015048
2749,0.0307566
2750,0.0207404
2751,0.0116455
2752,0.0606491
2753,0.0171242
2754,0.0159325
2755,0.0109533
2756,0.0132525
2757,0.00989271
2758,0.0212104
2759,0.0748397
2760,0.0130731
2761,0.0173124
2762,0.236337
2763,0.0946991
2764,0.143687
2765,0.100648
2766,0.022604
2767,0.0159189
2768,0.0141071
2769,0.0177239
2770,0.0412173
2771,0.261532
2772,0.0135154
2773,0.0566248
2774,0.0142441
2775,0.019567
2776,0.0126947
2777,0.0152489
2778,0.0169398
2779,0.0181393
2780,0.0138969
2781,0.0144152
2782,0.0144235
2783,0.0735538
2784,0.0704892
2785,0.0147417
2786,0.0153985
2787,0.0140494
2788,0.0772466
2789,0.0696141
2790,0.0147566
2791,0.588116
2792,0.0179452
2793,0.0131531
2794,0.050643
2795,0.0144476
2796,0.0167291
2797,0.0270582
2798,0.0144243
2799,0.147307
2800,0.0128578
2801,0.0935934
2802,0.0167344
2803,0.364638
2804,0.0171781
2805,0.0435267
2806,0.0157588
2807,0.0210802
2808,0.0162828
2809,0.0153943
2810,0.0146323
2811,0.0170964
2812,0.0403075
2813,0.0171629
2814,0.0147514
2815,0.0185516
2816,0.0928882
2817,0.0256194
2818,0.50027
2819,0.0123469
2820,0.0173909
2821,0.0145838
2822,0.0789941
2823,0.0182565
2824,0.0418538
2825,0.0419278
2826,0.0814465
2827,0.0196611
2828,0.0736932
2829,0.0526767
2830,0.016264
2831,0.0165937
2832,0.0135348
2833,0.0458564
2834,0.018791
2835,0.0132572
2836,0.0184611
2837,0.265043
2838,0.0138335
2839,0.0175123
2840,0.0929057
2841,0.267701
2842,0.0159169
2843,0.0164248
2844,0.195827
2845,0.0768207
2846,0.0650826
2847,0.19193
2848,0.0823352
2849,0.39329
2850,0.0177282
2851,0.0942963
2852,0.295751
2853,0.0128922
2854,0.0149384
2855,0.0749865
2856,0.0173014
2857,0.0161615
2858,0.0135292
2859,0.13887
2860,0.0152889
2861,0.0134159
2862,0.0148113
2863,0.0517995
2864,0.014247
2865,0.0459947
2866,0.0256998
2867,0.0167977
2868,0.0886617
2869,0.0125937
2870,0.0140424
2871,0.0539842
2872,0.0180606
2873,0.70875
2874,0.015486
2875,0.0275393
2876,0.0190385
2877,0.0661816
2878,0.0216825
2879,0.0167564
2880,0.0152785
2881,0.0172075
2882,0.018171
2883,0.017325
2884,0.213505
2885,0.198571
2886,0.0503529
2887,0.320033
2888,0.247959
2889,0.208229
2890,0.0547389
2891,0.0277115
2892,0.0173289
2893,0.020737
2894,0.0759498
2895,0.016932
2896,0.0135945
2897,0.264288
2898,0.0242831
2899,0.0126901
2900,0.014755
2901,0.0174283
2902,0.943149
2903,0.0175532
2904,0.0127858
2905,0.0202639
2906,0.016426
2907,0.0601462
2908,0.0530383
2909,0.00970048
2910,0.0166135
2911,0.0141172
2912,0.0174273
2913,0.015329
2914,0.016672
2915,0.0789038
2916,0.0148209
2917,0.0949343
2918,0.014093
2919,0.0148956
2920,0.0804207
2921,0.0174158
2922,0.0157027
2923,0.015693
2924,0.0782708
2925,0.015591
2926,0.0822564
2927,0.0419396
2928,0.0972306
2929,0.0607443
2930,0.0149884
2931,0.0176575
2932,0.0600923
2933,0.21329
2934,0.0131665
2935,0.0132649
2936,0.0565091
2937,0.0908386
2938,0.0155521
2939,0.016559
2940,0.174014
2941,0.0743981
2942,0.0161733
2943,0.012909
2944,0.052597
2945,0.016068
2946,0.0160787
2947,0.0913035
2948,0.0125401
2949,0.0729747
2950,0.0144716
2951,0.0153267
2952,0.061288
2953,0.0127477
2954,0.0203896
2955,0.01224
2956,0.0145352
2957,0.0142506
2958,0.0141548
2959,0.0864532
2960,0.098754
2961,0.07393
2962,0.0159891
2963,0.207379
2964,0.0245062
2965,0.0210865
2966,0.152891
2967,0.0128866
2968,0.0219156
2969,0.0181416
2970,0.0154561
2971,0.0146074
2972,0.0203739
2973,0.0155387
2974,0.270982
2975,0.27139
2976,0.0163542
2977,0.0195816
2978,0.0174823
2979,0.043182
2980,0.0112086
2981,0.0649426
2982,0.142643
2983,0.0163846
2984,0.084452
2985,0.0172366
2986,0.014709
2987,0.0176062
2988,0.0603563
2989,0.0549789
2990,0.205111
2991,0.0129847
2992,0.172453
2993,0.0159268
2994,0.155836
2995,0.0118729
2996,0.0155275
2997,0.213612
2998,0.0135212
2999,0.144507
3000,0.0189489
3001,0.0279741
3002,0.0212085
3003,0.0155936
3004,0.0405918
3005,0.0133311
3006,0.0126367
3007,0.017283
3008,0.0155532
3009,0.0154417
3010,0.0242632
3011,0.0147586
3012,0.0168573
3013,0.195316
3014,0.0303816
3015,0.0660747
3016,0.046065
3017,0.0178146
3018,0.0173445
3019,0.0652235
3020,0.0190109
3021,0.17152
3022,0.0140631
3023,0.0162593
3024,0.0182188
3025,0.0140647
3026,0.0184731
3027,0.0939702
3028,0.298604
3029,0.0258279
3030,0.0184624
3031,0.0192387
3032,0.0168306
3033,0.0103409
3034,0.0118251
3035,0.0731219
3036,0.0141206
3037,0.0132589
3038,0.761131
3039,0.170911
3040,0.0147754
3041,0.0529694
3042,0.226829
3043,0.0165158
3044,0.01134
3045,0.0178262
3046,0.0258095
3047,0.0148419
3048,0.0154342
3049,0.0142219
3050,0.135619
3051,0.0778298
3052,0.017247
3053,0.013086
3054,0.0244934
3055,0.0198897
3056,0.0524356
3057,0.225299
3058,0.0133723
3059,0.0134785
3060,0.0466842
3061,0.0180744
3062,0.0167666
3063,0.0155594
3064,0.0231491
3065,0.0711235
3066,0.0151425
3067,0.0129778
3068,0.057674
3069,0.0160842
3070,0.0181317
3071,0.0185955
3072,0.0362828
3073,0.0147429
3074,0.0135419
3075,0.0201255
3076,0.0387796
3077,0.273247
3078,0.0710676
3079,0.0138131
3080,0.013615
3081,0.0173741
3082,0.081471
3083,0.0132482
3084,0.0420979
3085,0.012436
3086,0.0299838
3087,0.0140529
3088,0.0157954
3089,0.0179997
3090,0.251135
3091,0.0155961
3092,0.015415
3093,0.0168052
3094,0.0150326
3095,0.0239107
3096,0.0168352
3097,0.0185172
3098,0.0171606
3099,0.0563299
3100,0.0187378
3101,0.0237216
3102,0.0115931
3103,0.0558309
3104,0.0160309
3105,0.0553227
3106,0.0177461
3107,0.0178141
3108,0.016454
3109,0.0142171
3110,0.0143516
3111,0.016972
3112,0.0701492
3113,0.0166906
3114,0.0197825
3115,0.018517
3116,0.129897
3117,0.0130107
3118,0.0293282
3119,0.0127478
3120,0.264015
3121,0.0152101
3122,0.0578738
3123,0.0129279
3124,0.146204
3125,0.0774323
3126,0.0172371
3127,0.0172608
3128,0.0239444
3129,0.0231502
3130,0.0179711
3131,0.295709
3132,0.169618
3133,0.230214
3134,0.0591176
3135,0.0713404
3136,0.0740911
3137,0.0203538
3138,0.0131356
3139,0.0124978
3140,0.0647736
3141,0.0149818
3142,0.0288815
3143,0.0143434
3144,0.0167388
3145,0.0206989
3146,0.0206554
3147,0.017676
3148,0.0138465
3149,0.166265
3150,0.015351
3151,0.0188753
3152,0.0524119
3153,0.360324
3154,0.0563967
3155,0.0170768
3156,0.724905
3157,0.015791
3158,0.0189511
3159,0.0640921
3160,0.0164554
3161,0.0145542
3162,0.014163
3163,0.936885
3164,0.034309
3165,0.0160951
3166,0.0152974
3167,0.0154715
3168,0.0210474
3169,0.0531663
3170,0.0156993
3171,0.0135183
3172,0.0136618
3173,0.0336344
3174,0.0227628
3175,0.0115326
3176,0.0122977
3177,0.0169362
3178,0.019538
3179,0.0506454
3180,0.0136601
3181,0.370123
3182,0.0173258
3183,0.0442496
3184,0.0131265
3185,0.0185148
3186,0.0159201
3187,0.561869
3188,0.0179504
3189,0.0141069
3190,0.0185642
3191,0.0154895
3192,0.738082
3193,0.082033
3194,0.015593
3195,0.0499026
3196,0.060719
3197,0.017064
3198,0.0154818
3199,0.0197326
3200,0.0146579
3201,0.019431
3202,0.186536
3203,0.0785704
3204,0.0628277
3205,0.0155688
3206,0.0198997
3207,0.0834568
3208,0.0178383
3209,0.0156701
3210,0.0174588
3211,0.224174
3212,0.0172302
3213,0.015796
3214,0.251336
3215,0.144505
3216,0.0581207
3217,0.0130168
3218,0.014195
3219,0.0187155
3220,0.0169406
3221,0.0163138
3222,0.0143371
3223,0.131815
3224,0.0862201
3225,0.0725147
3226,0.0156809
3227,0.0182946
3228,0.0620136
3229,0.0186475
3230,0.0204761
3231,0.148551
3232,0.0135778
3233,0.0594581
3234,0.293578
3235,0.0305926
3236,0.0234351
3237,0.0190066
3238,0.0754137
3239,0.203047
3240,0.289392
3241,0.0337383
3242,0.0624077
3243,0.0964341
3244,0.0239179
3245,0.0837269
3246,0.234522
3247,0.0156691
3248,0.0158541
3249,0.0173072
3250,0.0692705
3251,0.0167331
3252,0.0854389
3253,0.138654
3254,0.0469009
3255,0.0406589
3256,0.0830822
3257,0.0162706
3258,0.552202
3259,0.0180402
3260,0.0185426
3261,0.0158079
3262,0.0987987
3263,0.0136192
3264,0.266748
3265,0.0150719
3266,0.0185501
3267,0.0141113
3268,0.0555749
3269,0.042344
3270,0.0149238
3271,0.0446879
3272,0.0142528
3273,0.155118
3274,0.017743
3275,0.0161233
3276,0.0198539
3277,0.0590424
3278,0.0140845
3279,0.176745
3280,0.0185456
3281,0.0176043
3282,0.0719168
3283,0.284245
3284,0.0147644
3285,0.0147168
3286,0.0161591
3287,0.0158615
3288,0.0151877
3289,0.0179932
3290,0.0201697
3291,0.149137
3292,0.018056
3293,0.020208
3294,0.0150312
3295,0.0141334
3296,0.0175319
3297,0.083235
3298,0.0513842
3299,0.0240338
3300,0.0620345
3301,0.0185319
3302,0.018242
3303,0.012434
3304,0.0895713
3305,0.0154039
3306,0.014087
3307,0.0177333
3308,0.0156672
3309,0.0591245
3310,0.0137055
3311,0.0162912
3312,0.0146127
3313,0.0145899
3314,0.0976448
3315,0.0912251
3316,0.198219
3317,0.0177658
3318,0.0150656
3319,0.0185579
3320,0.016308
3321,0.0396908
3322,0.0162637
3323,0.0640734
3324,0.019112
3325,0.0248085
3326,0.0441844
3327,0.0152272
3328,0.013737
3329,0.0161541
3330,0.0149445
3331,0.0153928
3332,0.0543106
3333,0.954644
3334,0.0262896
3335,0.143163
3336,0.0129392
3337,0.0131299
3338,0.278828
3339,0.0132251
3340,0.0780137
3341,0.0166276
3342,0.0147714
3343,0.0267974
3344,0.151114
3345,0.149211
3346,0.0173511
3347,0.0643154
3348,0.0144045
3349,0.0157827
3350,0.0792701
3351,0.0227232
3352,0.0124172
3353,0.140544
3354,0.0231643
3355,0.0119884
3356,0.0825368
3357,0.0148675
3358,0.0804528
3359,0.0236085
3360,0.0135212
3361,0.0735608
3362,0.055063
3363,0.0156317
3364,0.0546134
3365,0.0580318
3366,0.0833469
3367,0.0169786
3368,0.0936946
3369,0.0140179
3370,0.222611
3371,0.194871
3372,0.016798
3373,0.0665204
3374,0.0175834
3375,0.012369
3376,0.0127261
3377,0.0137179
3378,0.195946
3379,0.0211145
3380,0.0781853
3381,0.0140229
3382,0.016261
3383,0.0151902
3384,0.0165096
3385,0.142004
3386,0.0696845
3387,0.0607709
3388,0.034317
3389,0.0878395
3390,0.0791115
3391,0.0153839
3392,0.0132841
3393,0.798508
3394,0.0714296
3395,0.0204826
3396,0.0536485
3397,0.0137857
3398,0.0822198
3399,0.0660753
3400,0.0192135
3401,0.0177113
3402,0.0164997
3403,0.36687
3404,0.0188506
3405,0.0291382
3406,0.0163797
3407,0.151751
3408,0.0171917
3409,0.0696511
3410,0.0144235
3411,0.0295886
3412,0.0180442
3413,0.0180218
3414,0.0145885
3415,0.0164307
3416,0.015366
3417,0.0171323
3418,0.0128421
3419,0.017016
3420,0.014074
3421,0.01491
3422,0.0897383
3423,0.0127846
3424,0.0131897
3425,0.0116997
3426,0.0639131
3427,0.0126774
3428,0.0274779
3429,0.220883
3430,0.0171914
3431,0.0155025
3432,0.0134573
3433,0.0631326
3434,0.0851728
3435,0.283827
3436,0.0155313
3437,0.0208742
3438,0.0230265
3439,0.28351
3440,0.0184507
3441,0.0143956
3442,0.144715
3443,0.0167073
3444,0.0182674
3445,0.716788
3446,0.0138619
3447,0.0138873
3448,0.151899
3449,0.0155792
3450,0.0131321
3451,0.0568808
3452,0.0169577
3453,0.0111712
3454,0.0168708
3455,0.0187202
3456,0.0161776
3457,0.0117808
3458,0.0156596
3459,0.0860926
3460,0.0112834
3461,0.012752
3462,0.0180231
3463,0.0560476
3464,0.0658626
3465,0.0119879
3466,0.0293639
3467,0.150434
3468,0.0166294
3469,0.020085
3470,0.026833
3471,0.0143232
3472,0.071584
3473,0.0171527
3474,0.797321
3475,0.0277696
3476,0.0157043
3477,0.0207146
3478,0.491965
3479,0.0624844
3480,0.0151972
3481,0.0226218
3482,0.0184872
3483,0.0121233
3484,0.211257
3485,0.0167836
3486,0.342243
3487,0.144319
3488,0.0137191
3489,0.0146247
3490,0.307921
3491,0.947742
3492,0.0139628
3493,0.0172165
3494,0.0153092
3495,0.0928835
3496,0.0126768
3497,0.165472
3498,0.0161813
3499,0.0171313
