1,38,189,9,0,0,1,0.222222,6.22222,33.3185,29.0741,26.3333,35.2222,25.6667,-8.22222,18.4444,-10.2222,35.2222,0.271208,-2.04915,path
2,25,199,9,0,0,1.11111,0.607407,1.05556,0.462963,17.5185,13.1111,17.8889,21.5556,-13.2222,1.11111,12.1111,21.5556,0.393002,2.69011,grass
3,49,139,9,0,0,0.166667,0.077778,0.333333,0.088889,0.444444,0,1.33333,0,-1.33333,2.66667,-1.33333,1.33333,0.777778,-2.0944,foliage
4,63,220,9,0,0,3.05556,15.263,3.66667,6.08889,8.18519,6.55556,6.44444,11.5556,-4.88889,-5.22222,10.1111,11.5556,0.486717,2.09315,grass
5,161,135,9,0,0,0.055556,0.136083,0.111111,0.172133,1.25926,0.777778,3,0,-1.44444,5.22222,-3.77778,3,1,-1.82221,window
6,235,88,9,0,0,0.611111,0.240741,0.944445,0.32963,2.77778,0.444444,6.44444,1.44444,-7,11,-4,6.44444,0.938492,-2.26954,foliage
7,67,32,9,0,0,0.944444,1.06284,1.77778,1.31092,126.222,115.111,142.222,121.333,-33.3333,48,-14.6667,142.222,0.190625,-2.33375,sky
8,188,182,9,0,0,1.61111,0.742868,4.16667,2.12655,58,51.8889,72.4444,49.6667,-18.3333,43.3333,-25,72.4444,0.314281,-1.99159,path
9,217,245,9,0.111111,0.111111,3.16667,3.01662,2.16667,1.24276,9.74074,7.44444,7.11111,14.6667,-6.88889,-7.88889,14.7778,14.6667,0.572767,2.06945,grass
10,9,171,9,0,0,1.5,1.00554,2.77778,1.64204,45.9259,41,57.2222,39.5556,-14.7778,33.8889,-19.1111,57.2222,0.307943,-2.01072,path
11,149,117,9,0.222222,0,0.833333,0.255556,1,0.444445,21.2222,21.1111,26.3333,16.2222,-0.333333,15.3333,-15,26.3333,0.382629,-1.57448,brickface
12,136,139,9,0,0,0.666667,0.177778,0.777778,0.207407,5.33333,6.55556,6.44444,3,3.66667,3.33333,-7,6.88889,0.566799,-1.00494,brickface
13,214,79,9,0,0,1.27778,0.862963,1.33333,0.533333,4.85185,2,9.22222,3.33333,-8.55556,13.1111,-4.55556,9.22222,0.791667,-2.28898,foliage
14,118,125,9,0,0,0.333333,0.298142,0.888889,0.344265,1.14815,0,3.11111,0.333333,-3.44444,5.88889,-2.44444,3.11111,1,-2.17565,foliage
15,83,53,9,0,0,0.555555,0.455419,0.722223,0.490652,123.444,112.333,138.222,119.778,-33.3333,44.3333,-11,138.222,0.187217,-2.39327,sky
16,70,38,9,0,0,1.22222,0.272166,1,0.760116,58,50,74.3333,49.6667,-24,49,-25,74.3333,0.336015,-2.0785,cement
17,96,84,9,0,0,1.5,1.27778,1.61111,2.28519,23.8519,23.5556,30,18,-0.888889,18.4444,-17.5556,30,0.398791,-1.59887,brickface
18,151,129,9,0,0,8.05556,8.14157,0.722222,0.827758,32.037,27.5556,41.1111,27.4444,-13.4444,27.2222,-13.7778,41.1111,0.338407,-2.0788,cement
19,98,144,9,0,0,0.222222,0.02963,0.333333,0.088889,1,0,3,0,-3,6,-3,3,1,-2.0944,foliage
20,146,140,9,0,0,1.05556,0.462963,1,0.577778,6.33333,7.88889,7.33333,3.77778,4.66667,3,-7.66667,8.22222,0.537017,-0.909267,brickface
21,162,237,9,0.111111,0,2.27778,1.14342,2.66667,2.56472,13.2222,10.8889,10,18.7778,-7,-9.66667,16.6667,18.7778,0.472826,1.99038,grass
22,155,27,9,0,0,1.05556,0.240737,1.44445,0.25185,137.519,132.556,146.556,133.444,-14.8889,27.1111,-12.2222,146.556,0.098472,-2.14672,sky
23,83,198,9,0,0,2.38889,1.49691,4.83333,3.00925,59.7778,53.1111,74,52.2222,-20,42.6667,-22.6667,74,0.296314,-2.05057,path
24,94,104,9,0,0,6.61111,1.42075,1,0.516399,55.7407,48.8889,69.5556,48.7778,-20.5556,41.4444,-20.8889,69.5556,0.303071,-2.08549,cement
25,220,111,9,0,0,2.55556,1.65552,2.27778,1.59745,29.5926,25.4444,38.2222,25.1111,-12.4444,25.8889,-13.4444,38.2222,0.349325,-2.06472,cement
26,157,85,9,0,0,1.22222,1.24127,0.222222,0.172133,18.9259,14.5556,26.8889,15.3333,-13.1111,23.8889,-10.7778,26.8889,0.459024,-2.16091,window
27,18,145,9,0,0,0.388889,0.018519,0.611111,0.374074,3.92593,5.55556,4,2.22222,4.88889,0.222222,-5.11111,5.55556,0.600529,-0.57094,brickface
28,95,191,9,0,0.111111,3.16667,2.78687,6,5.18545,60.2593,52.4444,76.2222,52.1111,-23.4444,47.8889,-24.4444,76.2222,0.320865,-2.07765,path
29,112,38,9,0,0,11.0556,11.0743,1.11111,1.06805,64.6296,58.2222,78.4444,57.2222,-19.2222,41.4444,-22.2222,78.4444,0.271659,-2.03882,cement
30,206,133,9,0,0,0.055556,0.136083,0.055556,0.136083,0.37037,0,1.11111,0,-1.11111,2.22222,-1.11111,1.11111,1,-2.0944,window
31,222,145,9,0,0,0,0,0,0,0,0,0,0,0,0,0,0,0,0,window
32,217,208,9,0,0,2.5,2.16667,2.66667,2.44445,16.0741,12.6667,14.4444,21.1111,-10.2222,-4.88889,15.1111,21.1111,0.40213,2.31093,grass
33,189,187,9,0,0,1.22222,1.0037,3.05556,2.38902,48.5185,44.1111,59.8889,41.5556,-13.2222,34.1111,-20.8889,59.8889,0.305755,-1.94747,path
34,222,93,9,0,0,1.72222,0.062963,0.166667,0.033333,2.44444,1,5.44444,0.888889,-4.33333,9,-4.66667,5.44444,0.878395,-2.07507,window
35,97,130,9,0,0,0.722222,0.507407,1.05556,0.685185,5.85185,7.33333,6.88889,3.33333,4.44444,3.11111,-7.55556,7.66667,0.570106,-0.963048,brickface
36,21,64,9,0,0,16.2778,12.9485,20.2222,17.6291,31,24.6667,38,30.3333,-19,21,-2,38,0.400746,-2.59382,foliage
37,96,193,9,0,0,1.33333,1.11555,1.83333,1.84692,62.7037,54.7778,78.7778,54.5556,-23.7778,48.2222,-24.4444,78.7778,0.310288,-2.08494,path
38,41,150,9,0,0,1.77778,1.94074,2.16667,1.5,20.7407,16.2222,29.2222,16.7778,-13.5556,25.4444,-11.8889,29.2222,0.441573,-2.13488,cement
39,154,120,9,0,0,0.444444,0.02963,0.444445,0.118518,5.96296,7.77778,6.77778,3.33333,5.44444,2.44444,-7.88889,7.77778,0.569444,-0.820403,brickface
40,137,66,9,0,0,2.61111,3.04074,2.94444,3.88518,28.4074,25.3333,38.2222,21.6667,-9.22222,29.4444,-20.2222,38.2222,0.430558,-1.84499,brickface
41,46,238,9,0,0,1.05556,0.827759,2.16667,1.8227,13.2593,9.66667,12.6667,17.4444,-10.7778,-1.77778,12.5556,17.4444,0.445509,2.50823,grass
42,254,159,9,0,0,3.55556,7.54074,14.8333,152.7,36.6296,31.3333,46.2222,32.3333,-15.8889,28.7778,-12.8889,46.2222,0.294845,-2.31687,path
43,175,14,9,0,0,0.888888,0.807371,1.22222,0.779361,113.815,100.111,132.111,109.222,-41.1111,54.8889,-13.7778,132.111,0.24216,-2.39111,sky
44,243,48,9,0,0,1.22222,0.207406,1.27778,1.26297,134.852,127.556,146.111,130.889,-21.8889,33.7778,-11.8889,146.111,0.126968,-2.27843,sky
45,223,175,9,0,0,3.77778,3.12457,7.16667,4.68923,57.8519,50.7778,72.7778,50,-21.2222,44.7778,-23.5556,72.7778,0.312834,-2.05935,path
46,252,176,9,0,0.111111,1.88889,1.14827,5.05556,2.85514,52.9259,46.3333,67,45.4444,-19.7778,42.2222,-22.4444,67,0.32042,-2.05164,path
47,186,218,9,0,0,1.16667,0.744444,1.16667,0.655555,13.7037,10.6667,12.6667,17.7778,-9.11111,-3.11111,12.2222,17.7778,0.401347,2.38268,grass
48,107,21,9,0,0,0.666662,0.516398,1.16667,0.408248,126.778,115.778,141.889,122.667,-33,45.3333,-12.3333,141.889,0.184022,-2.37037,sky
49,84,51,9,0,0,1.77778,1.62963,2.66667,0.888889,25.7407,22.6667,35.1111,19.4444,-9.22222,28.1111,-18.8889,35.1111,0.446118,-1.87303,brickface
50,156,32,9,0,0,0.777774,0.162964,2.61111,1.04074,136.296,129.778,146.333,132.778,-19.5556,30.1111,-10.5556,146.333,0.113055,-2.28076,sky
51,14,135,9,0,0,0.277778,0.062963,0.277778,0.062963,2.88889,1.66667,6,1,-3.66667,9.33333,-5.66667,6,0.832275,-1.95855,window
52,142,183,9,0.111111,0,1,0.869228,1.55556,1.48574,43.1852,40.2222,52,37.3333,-8.88889,26.4444,-17.5556,52,0.28154,-1.88773,path
53,191,47,9,0,0,0.444445,0.385188,1.11111,0.38519,135.741,129,146.333,131.889,-20.2222,31.7778,-11.5556,146.333,0.118399,-2.26255,sky
54,113,128,9,0,0,0.222222,0.074074,0.388889,0.151852,0.740741,0,2.22222,0,-2.22222,4.44444,-2.22222,2.22222,1,-2.0944,foliage
55,228,114,9,0,0,0.388889,0.062963,0.833333,0.122222,5.88889,7,7.44444,3.22222,3.33333,4.66667,-8,7.44444,0.56746,-1.15184,brickface
56,14,60,9,0,0,0.555555,0.785184,1.05556,0.062963,19.3333,18.8889,24.7778,14.3333,-1.33333,16.3333,-15,24.7778,0.419248,-1.62339,brickface
57,241,145,9,0,0,0,0,0,0,0,0,0,0,0,0,0,0,0,0,window
58,199,97,9,0.111111,0,2.72222,1.25462,0.5,0.182574,47.8148,46,54.1111,43.3333,-5.44444,18.8889,-13.4444,54.1111,0.199351,-1.83678,cement
59,228,90,9,0,0,1.83333,2.20857,2.22222,2.46456,16.8519,12.8889,24.4444,13.2222,-11.8889,22.7778,-10.8889,24.4444,0.475549,-2.12273,window
60,151,187,9,0,0,1.22222,0.740741,2.05556,1.04074,11.6296,9.33333,9.66667,15.8889,-6.88889,-5.88889,12.7778,15.8889,0.428363,2.15664,grass
61,237,83,9,0,0,0.722222,0.418518,5.83333,20.9222,9.88889,6,17,6.66667,-11.6667,21.3333,-9.66667,17,0.676581,-2.15026,window
62,8,226,9,0,0,2.88889,1.98513,1.11111,0.45542,18,14,15.7778,24.2222,-12,-6.66667,18.6667,24.2222,0.424404,2.27303,grass
63,37,120,9,0,0,0.833333,0.344444,1.05556,0.462963,1.92593,0.222222,4.44444,1.11111,-5.11111,7.55556,-2.44444,4.44444,0.962963,-2.29808,foliage
64,45,108,9,0,0.111111,25.5,12.7954,27.2778,15.931,49.8148,41.7778,61.1111,46.5556,-24.1111,33.8889,-9.77778,61.1111,0.358975,-2.36049,foliage
65,23,219,9,0,0,1.5,1.00554,1.72222,0.928957,13.3704,10.8889,12,17.2222,-7.44444,-4.11111,11.5556,17.2222,0.371914,2.25533,grass
66,44,157,9,0,0,0.833334,0.3,2.94444,7.61852,24.2963,19.2222,24.2222,29.4444,-15.2222,-0.222222,15.4444,29.4444,0.350043,2.6043,grass
67,61,92,9,0,0,1.27778,1.06284,0.555555,0.620633,17.2593,12.8889,25.7778,13.1111,-13.1111,25.5556,-12.4444,25.7778,0.499695,-2.11184,window
68,102,179,9,0.111111,0,1.83333,1.53116,2.44444,1.88168,49.1852,44.8889,59.7778,42.8889,-12.8889,31.7778,-18.8889,59.7778,0.282687,-1.9704,path
69,221,107,9,0,0,1.16667,0.211111,0.833333,0.344444,2.22222,0.333333,5.33333,1,-5.66667,9.33333,-3.66667,5.33333,0.94709,-2.22635,foliage
70,168,187,9,0,0,3.5,2.16795,2.83333,1.60208,58,52.5556,71.4444,50,-16.3333,40.3333,-24,71.4444,0.29965,-1.96667,path
71,42,56,9,0,0,1.05556,0.951851,1.33333,1.6,22.7407,21.1111,30.2222,16.8889,-4.88889,22.4444,-17.5556,30.2222,0.440708,-1.75941,brickface
72,98,133,9,0,0,0.555555,0.172133,0.388889,0.327731,0.962963,0,2.77778,0.111111,-2.88889,5.44444,-2.55556,2.77778,1,-2.12325,foliage
73,196,95,9,0,0,1.72222,1.12382,1.33333,1.26491,7.62963,6.77778,10.7778,5.33333,-2.55556,9.44444,-6.88889,10.7778,0.512566,-1.74926,window
74,226,141,9,0,0,0.5,0.433333,0.777778,0.385185,5.40741,7,6.22222,3,4.77778,2.44444,-7.22222,7,0.574074,-0.843732,brickface
75,71,113,9,0,0,0.722222,0.240741,0.722222,0.151852,5.48148,7.11111,6.33333,3,4.88889,2.55556,-7.44444,7.11111,0.580026,-0.851202,brickface
76,144,169,9,0,0,1.11111,0.779364,1.38889,0.742867,17.1111,13.4444,18,19.8889,-11,2.66667,8.33333,19.8889,0.324965,2.83482,grass
77,16,51,9,0,0,0.722223,0.443054,0.833335,0.722649,122.963,110.667,140.778,117.444,-36.8889,53.4444,-16.5556,140.778,0.213813,-2.33046,sky
78,124,29,9,0,0,1,0.711108,1.05555,0.907417,128.444,119.222,142.889,123.222,-27.6667,43.3333,-15.6667,142.889,0.165616,-2.27113,sky
79,158,151,9,0,0,0.388889,0.389682,4.44444,4.04237,19,15.2222,18.3333,23.4444,-11.3333,-2,13.3333,23.4444,0.352606,2.50525,grass
80,189,107,9,0,0,2.66667,0.699206,0.833333,0.72265,27.7778,23.4444,35.1111,24.7778,-13,22,-9,35.1111,0.332407,-2.2015,window
81,239,122,9,0,0,0.277778,0.062963,0.333333,0.177778,5.55556,7,6.66667,3,4.33333,3.33333,-7.66667,7.22222,0.581349,-0.953435,brickface
82,104,103,9,0.111111,0,0.944445,0.534027,0.666667,0.596285,58.8889,52.2222,72.6667,51.7778,-20,41.3333,-21.3333,72.6667,0.287394,-2.07113,cement
83,138,188,9,0,0,2.05556,1.35674,1.11111,0.750309,60.3333,53.5556,74.8889,52.5556,-20.3333,43.6667,-23.3333,74.8889,0.299511,-2.04721,path
84,33,131,9,0,0,0.444444,0.807373,1,1.09545,0.740741,0.222222,1.77778,0.222222,-1.55556,3.11111,-1.55556,1.77778,0.407407,-2.0944,foliage
85,233,105,9,0,0,6.27778,2.31341,0.944445,0.742867,15.1852,12.6667,19.7778,13.1111,-7.55556,13.7778,-6.22222,19.7778,0.353768,-2.16157,window
86,143,20,9,0,0,1.11112,0.75031,1.27778,0.928959,127.333,116.778,142.667,122.556,-31.6667,46,-14.3333,142.667,0.181475,-2.32692,sky
87,28,188,9,0,0,1.44444,1.4963,5.11111,19.0074,29.963,26.8889,36.4444,26.5556,-9.22222,19.4444,-10.2222,36.4444,0.275863,-2.08357,path
88,210,73,9,0,0,1.33333,0.966091,1,0.816495,42.2593,40.5556,47.3333,38.8889,-5.11111,15.2222,-10.1111,47.3333,0.178226,-1.89349,cement
89,5,118,9,0,0,0.222222,0.074074,0.333333,0.088889,0.925926,0,2.55556,0.222222,-2.77778,4.88889,-2.11111,2.55556,1,-2.17128,foliage
90,228,22,9,0,0,1.11111,0.860663,1.38889,0.975629,49.6667,42.7778,62.8889,43.3333,-20.6667,39.6667,-19,62.8889,0.319474,-2.12354,cement
91,166,154,9,0,0,0.111111,0.02963,0.444444,0.074074,0.703704,0.222222,1.88889,0,-1.44444,3.55556,-2.11111,1.88889,1,-2.01751,window
92,38,200,9,0,0,3.44444,2.12568,3.44445,1.20493,55.963,49,70.2222,48.6667,-20.8889,42.7778,-21.8889,70.2222,0.309826,-2.08021,path
93,104,139,9,0,0,0.333333,0.516398,0.333333,0.516398,0.666667,0,1.77778,0.222222,-2,3.33333,-1.33333,1.77778,1,-2.15073,foliage
94,18,142,9,0,0,0.777778,0.651852,0.277778,0.151852,0.555556,0.111111,1.33333,0.222222,-1.33333,2.33333,-1,1.33333,0.416667,-2.15956,foliage
95,245,18,9,0,0,1,1.02222,1.16667,0.211111,137.889,131.444,147.889,134.333,-19.3333,30,-10.6667,147.889,0.111218,-2.27511,sky
96,204,194,9,0,0,2.61111,1.92546,5.11111,3.41673,41.037,37,49.7778,36.3333,-12.1111,26.2222,-14.1111,49.7778,0.275415,-2.0452,path
97,29,81,9,0.111111,0,2.61111,3.75185,2.72222,3.75185,20.4815,20.1111,26.1111,15.2222,-1.11111,16.8889,-15.7778,26.1111,0.412662,-1.56634,brickface
98,80,116,9,0,0,1.5,1.63333,1.55556,0.874074,21.7037,21.2222,27.5556,16.3333,-1.44444,17.5556,-16.1111,27.5556,0.407364,-1.63224,brickface
99,112,120,9,0.111111,0,1.33333,1.03279,2.22222,1.70837,21.5556,17.5556,28.6667,18.4444,-12,21.3333,-9.33333,28.6667,0.38675,-2.17742,window
100,244,194,9,0,0,1.72222,1.14342,2.27778,2.03761,49.7407,44.4444,61.6667,43.1111,-15.8889,35.7778,-19.8889,61.6667,0.300853,-2.02184,path
101,101,72,9,0,0,2.5,4.74444,1.77778,6.29629,26.4815,23.5556,35.7778,20.1111,-8.77778,27.8889,-19.1111,35.7778,0.436895,-1.84616,brickface
102,188,73,9,0,0,1.05556,0.928958,2.27778,1.99351,40.1852,35.6667,49.7778,35.1111,-13.5556,28.7778,-15.2222,49.7778,0.297096,-2.05496,cement
103,86,33,9,0,0,1.16667,0.611111,0.611109,0.196295,109.889,96.7778,130.556,102.333,-39.3333,62,-22.6667,130.556,0.258604,-2.26623,sky
104,184,44,9,0,0,0.500001,0.122222,1,0.755557,99,85,121.444,90.5556,-42,67.3333,-25.3333,121.444,0.300019,-2.25454,sky
105,207,217,9,0,0,0.777778,0.474074,2.05556,0.907408,6.2963,5,4.22222,9.66667,-3.88889,-6.22222,10.1111,9.66667,0.582612,1.97614,grass
106,27,106,9,0,0,0.611111,0.418518,1.27778,0.596296,2.18519,0.333333,4.88889,1.33333,-5.55556,8.11111,-2.55556,4.88889,0.95172,-2.27407,foliage
107,138,49,9,0,0,1.05556,0.92896,1.77778,1.06805,124.037,113.111,140.444,118.556,-32.7778,49.2222,-16.4444,140.444,0.194622,-2.30341,sky
108,74,129,9,0,0,0.222222,0.02963,0.111111,0.02963,0.518518,0,1.55556,0,-1.55556,3.11111,-1.55556,1.55556,1,-2.0944,foliage
109,4,188,9,0,0,1.55556,0.688531,2.33333,0.760116,15.7407,13.3333,14,19.8889,-7.22222,-5.22222,12.4444,19.8889,0.342408,2.20467,grass
110,170,139,9,0,0,1.05556,0.507408,0.722222,0.285185,4.18518,1.88889,8.55556,2.11111,-6.88889,13.1111,-6.22222,8.55556,0.786175,-2.12759,window
111,37,61,9,0,0,0.611111,0.490653,0.555556,0.272164,109.074,95.1111,128.333,103.778,-41.8889,57.7778,-15.8889,128.333,0.258869,-2.3674,sky
112,92,44,9,0.111111,0,0.722223,0.574135,1.16667,1.04881,123.815,113.444,138.111,119.889,-31.1111,42.8889,-11.7778,138.111,0.178428,-2.36728,sky
113,143,186,9,0,0,2.33333,2.319,2.77778,2.52689,54.963,49.1111,67.8889,47.8889,-17.5556,38.7778,-21.2222,67.8889,0.296251,-2.02862,path
114,45,149,9,0,0,2.5,3.32222,0.666666,0.266666,16.8148,13.4444,23.7778,13.2222,-10.1111,20.8889,-10.7778,23.7778,0.453341,-2.06925,cement
115,170,62,9,0,0,0,0,0,0,0,0,0,0,0,0,0,0,0,0,window
116,1,45,9,0,0,0.888891,0.455421,1.11111,0.455419,122.852,110.556,140,118,-36.8889,51.4444,-14.5556,140,0.210174,-2.35936,sky
117,114,193,9,0,0,3.16667,2.46532,4.5,2.50111,57.8148,51.1111,72.5556,49.7778,-20.1111,44.2222,-24.1111,72.5556,0.314092,-2.0338,path
118,69,85,9,0.111111,0,3.11111,8.20741,3.94444,9.44074,21.4444,20.4444,28.1111,15.7778,-3,20,-17,28.1111,0.437404,-1.65988,brickface
119,104,124,9,0,0,0.611111,0.151852,0.666667,0.311111,6.18518,7.66667,7.33333,3.55556,4.44444,3.44444,-7.88889,7.88889,0.550044,-0.95784,brickface
120,75,98,9,0,0,3.94444,45.8407,4.66667,39.2889,5.51852,2.33333,10.4444,3.77778,-9.55556,14.7778,-5.22222,10.4444,0.872146,-2.27297,foliage
121,116,125,9,0,0,2.83333,0.722649,2.05555,0.574133,60.9259,52.5556,76.4444,53.7778,-25.1111,46.5556,-21.4444,76.4444,0.317206,-2.14505,cement
122,63,201,9,0,0,1.44444,0.918519,0.944444,0.551852,7.77778,6.22222,5.55556,11.5556,-4.66667,-6.66667,11.3333,11.5556,0.543201,1.98299,grass
123,57,118,9,0,0,2.83333,5.5,1.22222,0.874073,19.4074,15.5556,26.5556,16.1111,-11.5556,21.4444,-9.88889,26.5556,0.418712,-2.14718,window
124,167,189,9,0,0,3.77778,2.23772,3.77778,1.54441,58.4074,51.3333,72.4444,51.4444,-21.2222,42.1111,-20.8889,72.4444,0.295523,-2.10133,path
125,67,61,9,0,0,1.05556,0.507407,0.833333,0.388889,23.7407,22.6667,30.6667,17.8889,-3.22222,20.7778,-17.5556,30.6667,0.415751,-1.70091,brickface
126,235,81,9,0,0,1.38889,0.418518,0.777778,0.296296,3.48148,1,7.44444,2,-7.44444,11.8889,-4.44444,7.44444,0.881217,-2.24813,foliage
127,33,114,9,0,0,0.555555,0.074074,0.5,0.211111,16.1111,11.7778,24.1111,12.4444,-13,24,-11,24.1111,0.510924,-2.14907,window
128,140,116,9,0.111111,0,1.77778,1.22323,0.555555,0.501848,46.8148,42.3333,56.5556,41.5556,-13.4444,29.2222,-15.7778,56.5556,0.264563,-2.03862,cement
129,75,65,9,0,0,2.5,1.11056,1.55556,0.93492,57.7407,50.4444,72.6667,50.1111,-21.8889,44.7778,-22.8889,72.6667,0.314783,-2.07765,cement
130,39,111,9,0,0,0.722222,0.374074,0.888889,0.429629,6.03704,7,7.66667,3.44444,2.88889,4.88889,-7.77778,7.88889,0.562919,-1.17577,brickface
131,214,236,9,0,0,0.5,0.255556,3.77778,1.36296,16.5926,12.8889,14.6667,22.2222,-11.1111,-5.77778,16.8889,22.2222,0.419597,2.30668,grass
132,15,189,9,0,0,1.5,0.922221,2,2.88889,32.1111,28.3333,40.3333,27.6667,-11.3333,24.6667,-13.3333,40.3333,0.315363,-2.03798,path
133,58,232,9,0,0,2.5,1.45555,2.55556,0.829629,14.7037,11.2222,13.5556,19.3333,-10.4444,-3.44444,13.8889,19.3333,0.423483,2.40285,grass
134,121,107,9,0,0,1.55556,0.874075,13.1667,5.5889,54,49.4444,64.4444,48.1111,-13.6667,31.3333,-17.6667,64.4444,0.252669,-2.00361,cement
135,123,94,9,0,0,0.500001,0.077778,0.833333,0.033333,21.4444,16.8889,30.4444,17,-13.6667,27,-13.3333,30.4444,0.452182,-2.10097,window
136,26,67,9,0.111111,0,1,0.88889,2.44444,3.18518,20,19.5556,25.8889,14.5556,-1.33333,17.6667,-16.3333,25.8889,0.436939,-1.6232,brickface
137,130,145,9,0,0,0,0,0,0,0,0,0,0,0,0,0,0,0,0,window
138,33,98,9,0,0,0.611111,0.611616,1.33333,0.918937,2.03704,0.555556,3.55556,2,-4.44444,4.55556,-0.111111,3.55556,0.883333,-2.5489,foliage
139,28,204,9,0,0,2,1.76383,3.22222,2.08344,55.8889,49.7778,69.2222,48.6667,-18.3333,40,-21.6667,69.2222,0.29685,-2.03737,path
140,173,90,9,0,0,0.666667,0.266666,0.833333,0.344444,23.5185,17.3333,34.4444,18.7778,-18.5556,32.7778,-14.2222,34.4444,0.496719,-2.18244,window
141,24,172,9,0,0,1.16667,0.91287,9.77778,5.45554,42.037,38,50.3333,37.7778,-12.1111,24.8889,-12.7778,50.3333,0.249836,-2.14372,path
142,23,129,9,0,0,0.5,0.077778,0.388889,0.151852,0.518518,0,1.55556,0,-1.55556,3.11111,-1.55556,1.55556,0.777778,-2.0944,foliage
143,48,139,9,0,0,2.44444,1.68215,1.83333,1.04881,48.2222,42.5556,60.4444,41.6667,-17,36.6667,-19.6667,60.4444,0.310818,-2.04424,cement
144,68,122,9,0,0,2.77778,2.02941,1.55556,1.99629,20.1481,14.2222,31.1111,15.1111,-17.7778,32.8889,-15.1111,31.1111,0.54583,-2.06017,foliage
145,130,32,9,0,0,1.11111,1.04704,0.833334,0.836659,59.4815,54.2222,70.8889,53.3333,-15.7778,34.2222,-18.4444,70.8889,0.249001,-2.04242,cement
146,55,209,9,0.111111,0,1.83333,1.29529,1.38889,0.998146,12.5185,10.3333,10.3333,16.8889,-6.55556,-6.55556,13.1111,16.8889,0.407904,2.09922,grass
147,79,28,9,0,0,4.27778,3.7619,0.833333,0.658281,62.4074,53.4444,79.1111,54.6667,-26.8889,50.1111,-23.2222,79.1111,0.324556,-2.14451,cement
148,18,90,9,0,0,1.05556,0.374074,0.666667,0.222222,2.81481,0.555556,6.88889,1,-6.77778,12.2222,-5.44444,6.88889,0.926146,-2.16432,foliage
149,187,180,9,0,0,4.05556,2.98453,3.33333,3.19722,62.0741,54.8889,77.5556,53.7778,-21.5556,46.4444,-24.8889,77.5556,0.306906,-2.04418,path
150,38,146,9,0,0,0.5,0.122222,0.666667,0.266667,5.11111,5.66667,6.77778,2.88889,1.66667,5,-6.66667,6.88889,0.571429,-1.25836,brickface
151,147,51,9,0.111111,0,1.16667,1.1,1.5,1.94444,126.333,117,140.222,121.778,-28,41.6667,-13.6667,140.222,0.165549,-2.30669,sky
152,235,22,9,0,0,1.16667,0.388882,1,0.488884,137.63,132.111,147.889,132.889,-16.5556,30.7778,-14.2222,147.889,0.109655,-2.1462,sky
153,205,190,9,0,0,1.27778,0.998145,1.61111,1.12382,49.4815,44.7778,60.6667,43,-14.1111,33.5556,-19.4444,60.6667,0.290788,-1.9876,path
154,85,200,9,0,0,4.5,4.32435,6.05556,4.32777,58.5926,52.2222,72.6667,50.8889,-19.1111,42.2222,-23.1111,72.6667,0.300181,-2.02885,path
155,2,89,9,0,0,1.22222,1.76296,2.55556,3.4963,18.963,18.7778,23.8889,14.2222,-0.555556,14.7778,-14.2222,23.8889,0.402507,-1.54421,brickface
156,151,163,9,0,0,2.05556,2.28519,18.1667,41.9889,40,34.5556,48,37.4444,-16.3333,24,-7.66667,48.1111,0.263846,-2.51749,path
157,254,159,9,0,0,3.55556,7.54074,14.8333,152.7,36.6296,31.3333,46.2222,32.3333,-15.8889,28.7778,-12.8889,46.2222,0.294845,-2.31687,path
158,33,104,9,0.111111,0,1.55556,0.962963,3.05556,5.04074,20.1852,20.2222,24.8889,15.4444,0.111111,14.1111,-14.2222,24.8889,0.380367,-1.55538,brickface
159,214,161,9,0,0,3.72222,0.729634,11.5,18.9222,40.4444,35.3333,49.6667,36.3333,-15.3333,27.6667,-12.3333,49.6667,0.298056,-2.19894,path
160,245,140,9,0,0,0.166667,0.278887,0.611111,0.742867,0.407407,0.222222,0.777778,0.222222,-0.555556,1.11111,-0.555556,0.777778,0.240741,-2.0944,window
161,249,207,9,0.222222,0,2.72222,0.928957,0.888889,0.272165,12.1481,9.55556,10.3333,16.5556,-7.77778,-5.44444,13.2222,16.5556,0.432389,2.21726,grass
162,191,165,9,0,0,0.333333,0.177778,2.44444,1.14074,14.2963,12,14.1111,16.7778,-6.88889,-0.555556,7.44444,17.5556,0.318129,2.59354,grass
163,187,36,9,0,0,0.388889,0.250924,0.5,0.278887,7.51852,4.77778,13,4.77778,-8.22222,16.4444,-8.22222,13,0.648657,-2.09729,window
164,198,183,9,0,0,1.05555,1.18165,3.38889,1.59745,54.037,48.8889,66.5556,46.6667,-15.4444,37.5556,-22.1111,66.5556,0.298622,-1.97496,path
165,136,92,9,0,0,8.05555,44.7741,1,0.177777,15.4074,11.6667,22.6667,11.8889,-11.2222,21.7778,-10.5556,22.6667,0.53355,-2.11327,window
166,1,189,9,0,0,1.38889,0.462963,12.3889,84.5963,23.5926,21.1111,29.3333,20.3333,-7.44444,17.2222,-9.77778,29.3333,0.233097,-2.01975,path
167,122,11,9,0,0,1,0.311116,2.88889,5.05185,143.444,136.889,150.889,142.556,-19.6667,22.3333,-2.66667,150.889,0.092773,-2.52165,sky
168,34,169,9,0,0,0.833333,0.505525,1.61111,0.879815,12.8148,10.6667,9.77778,18,-6.44444,-9.11111,15.5556,18,0.463569,1.99318,grass
169,8,162,9,0.111111,0,1.61111,2.06296,0.333333,0.133333,8.37037,6.66667,12,6.44444,-5.11111,10.8889,-5.77778,12,0.484805,-2.04495,cement
170,201,92,9,0,0,0.833335,0.211111,0.77778,0.296297,90.3333,74.8889,115.444,80.6667,-46.3333,75.3333,-29,115.444,0.35122,-2.2428,sky
171,169,136,9,0,0,0.277778,0.062963,0.833333,0.211111,2.07407,0.666667,4.88889,0.666667,-4.22222,8.44444,-4.22222,4.88889,0.877513,-2.0944,window
172,174,50,9,0,0,1,0.760115,0.944445,0.952579,107.444,94.6667,125.778,101.889,-38.3333,55,-16.6667,125.778,0.247337,-2.3373,sky
173,70,71,9,0.111111,0,2.11111,1.80741,2.83333,2.07778,22.7778,21.8889,29.6667,16.7778,-2.66667,20.6667,-18,29.6667,0.43357,-1.66796,brickface
174,118,167,9,0.111111,0,0.888889,0.518518,2.05556,0.996296,14.5926,12.8889,13.7778,17.1111,-5.11111,-2.44444,7.55556,17.1111,0.248449,2.30573,grass
175,116,245,9,0.111111,0,1.38889,0.551851,2.22222,3.94074,14.2222,11.1111,13.1111,18.4444,-9.33333,-3.33333,12.6667,18.4444,0.389695,2.39543,grass
176,199,120,9,0,0,3.5,4.07778,8.33333,53.9556,39.3333,35.4444,47.7778,34.7778,-11.6667,25.3333,-13.6667,47.7778,0.272752,-2.04675,cement
177,121,62,9,0,0,0.555556,0.207408,1.11111,0.562963,125.407,116.333,138.778,121.111,-27.2222,40.1111,-12.8889,138.778,0.161658,-2.31596,sky
178,234,58,9,0,0,1.16667,0.388888,1,0.533334,93.1482,77.3333,118.778,83.3333,-47.4444,76.8889,-29.4444,118.778,0.348863,-2.24632,sky
179,21,123,9,0,0,0.888888,0.385186,1,0.355555,19.2963,15.6667,26.3333,15.8889,-10.8889,21.1111,-10.2222,26.3333,0.408913,-2.11573,cement
180,93,29,9,0,0,1.22222,1.22964,1.38889,1.57408,128.481,119,142.778,123.667,-28.4444,42.8889,-14.4444,142.778,0.166484,-2.29776,sky
181,86,136,9,0,0,3.88889,4.19347,2.11111,2.39134,12.1852,6.66667,20.8889,9,-16.5556,26.1111,-9.55556,20.8889,0.695755,-2.26899,foliage
182,204,12,9,0,0,0.777777,0.518519,1.77778,0.785183,127.444,115.556,143.111,123.667,-35.6667,47,-11.3333,143.111,0.19252,-2.40292,sky
183,151,163,9,0,0,2.05556,2.28519,18.1667,41.9889,40,34.5556,48,37.4444,-16.3333,24,-7.66667,48.1111,0.263846,-2.51749,path
184,250,87,9,0,0,0.722222,0.240741,0.611111,0.374074,11.1481,6.66667,19.5556,7.22222,-13.4444,25.2222,-11.7778,19.5556,0.659329,-2.13862,window
185,252,27,9,0,0,1.27778,0.596293,0.999997,0.577774,136.296,130.333,145.556,133,-17.8889,27.7778,-9.88889,145.556,0.10447,-2.26413,sky
186,170,88,9,0,0,0.722222,0.389681,0.833333,0.459468,22.3333,18.2222,29.3333,19.4444,-12.3333,21,-8.66667,29.3333,0.378615,-2.20829,window
187,111,246,9,0,0,3.16667,2.09497,5.83333,4.11366,25.8889,21.1111,22.4444,34.1111,-14.3333,-10.3333,24.6667,34.1111,0.388973,2.21401,grass
188,212,48,9,0,0,0.555555,0.251852,0.555555,0.074074,122.37,112.222,138.111,116.778,-30.4444,47.2222,-16.7778,138.111,0.187362,-2.2786,sky
189,137,163,9,0,0,1.44444,0.785186,18.8889,5.54076,39.2963,33.7778,47.5556,36.5556,-16.5556,24.7778,-8.22222,47.5556,0.284813,-2.39521,path
190,223,141,9,0.111111,0,2.11111,1.80741,0.777778,0.162963,9.85185,6,16.5556,7,-11.5556,20.1111,-8.55556,16.5556,0.640224,-2.19166,window
191,73,31,9,0,0,0.555556,0.45542,0.888889,0.344265,126.852,115.556,143.111,121.889,-33.8889,48.7778,-14.8889,143.111,0.192456,-2.33483,sky
192,75,131,9,0,0,0.222222,0.02963,0.333333,0.044444,0.518518,0,1.55556,0,-1.55556,3.11111,-1.55556,1.55556,1,-2.0944,foliage
193,173,93,9,0,0,0,0,0,0,0,0,0,0,0,0,0,0,0,0,window
194,176,132,9,0,0,0.5,0.122222,0.944444,0.32963,5.74074,7.44444,6.22222,3.55556,5.11111,1.44444,-6.55556,7.55556,0.529982,-0.726018,brickface
195,174,96,9,0.222222,0,2.22222,0.68853,0.944444,0.879816,55.1481,54.1111,61,50.3333,-3.11111,17.5556,-14.4444,61,0.174579,-1.72047,cement
196,153,192,9,0,0,3.38889,1.78159,7.44444,4.13477,53.4444,47.3333,65,48,-18.3333,34.6667,-16.3333,65,0.272721,-2.1642,path
197,231,91,9,0,0,0.5,0.278887,0.555555,0.172133,6,4.55556,9.77778,3.66667,-4.33333,11.3333,-7,9.77778,0.620651,-1.93491,window
198,158,186,9,0,0,0.888889,0.340741,1.5,1.81111,12.0741,9.33333,10.7778,16.1111,-8.22222,-3.88889,12.1111,16.1111,0.428864,2.31952,grass
199,79,104,9,0.111111,0,0.944445,0.374074,1.5,1.01111,65.2963,59.7778,78,58.1111,-16.5556,38.1111,-21.5556,78,0.254697,-2.00783,cement
200,184,197,9,0,0,3.05556,3.2552,4.55556,2.74604,11.963,8.88889,9.55556,17.4444,-9.22222,-7.22222,16.4444,17.4444,0.515187,2.16426,grass
201,225,90,9,0,0,0.388889,0.250924,0.555556,0.45542,6.59259,4.66667,11.2222,3.88889,-5.77778,13.8889,-8.11111,11.2222,0.651153,-1.98747,window
202,131,125,9,0,0,0.611111,0.374074,0.5,0.3,1.37037,0,3.88889,0.222222,-4.11111,7.55556,-3.44444,3.88889,1,-2.13034,foliage
203,25,116,9,0,0,0.944445,0.151852,4.77778,3.0963,16.1852,17,20,11.5556,2.44444,11.4444,-13.8889,21.2222,0.447187,-1.16284,brickface
204,170,121,9,0,0,2.16667,1.83485,2.72222,1.92546,32.3704,28.6667,40.5556,27.8889,-11.1111,24.5556,-13.4444,40.5556,0.313427,-2.02427,cement
205,140,161,9,0,0,0.277778,0.327731,0.777778,0.620633,15.7407,12.4444,14.3333,20.4444,-9.88889,-4.22222,14.1111,20.4444,0.390957,2.34513,grass
206,59,87,9,0,0.111111,11.1667,84.8778,13.2222,70.0296,17.1111,12.2222,23.4444,15.6667,-14.6667,19,-4.33333,23.4444,0.652043,-2.41807,foliage
207,209,249,9,0,0,2.44444,3.62963,2.77778,4.20741,10.5185,7.55556,8.11111,15.8889,-8.88889,-7.22222,16.1111,15.8889,0.533307,2.15678,grass
208,97,176,9,0,0,0.777778,0.655461,2.38889,1.30668,22.1852,19,19.7778,27.7778,-9.55556,-7.22222,16.7778,27.7778,0.316041,2.17984,grass
209,80,95,9,0,0,1.22222,1.00741,0.944444,0.551851,21.4074,21.3333,26.6667,16.2222,-0.222222,15.7778,-15.5556,26.6667,0.390436,-1.56733,brickface
210,59,99,9,0,0,0.777778,0.82963,1,0.355556,2.03704,0.111111,5.55556,0.444444,-5.77778,10.5556,-4.77778,5.55556,0.986111,-2.14974,foliage
211,7,90,9,0,0,1.27778,0.854184,2.44444,2.01843,4.66667,2.55556,5.77778,5.66667,-6.33333,3.33333,3,6.22222,0.665344,-3.04418,foliage
212,140,19,9,0.111111,0,1.05555,0.551851,1.88889,1.98518,110.296,97.6667,130.222,103,-37.8889,59.7778,-21.8889,130.222,0.249895,-2.26433,sky
213,209,249,9,0,0,2.44444,2.38519,2.88889,3.80741,8.55556,8,7.55556,10.1111,-1.66667,-3,4.66667,10.1111,0.309022,1.91742,grass
214,104,112,9,0,0,0.611111,0.250924,1.05556,0.712325,59.1481,52.2222,73.3333,51.8889,-20.7778,42.5556,-21.7778,73.3333,0.293681,-2.07846,cement
215,98,104,9,0,0,2.22222,3.62963,1.5,1.32222,18.7037,19.2222,23.2222,13.6667,1.55556,13.5556,-15.1111,23.2222,0.410009,-1.44664,brickface
216,36,145,9,0,0,0.277778,0.196296,1.27778,2.06296,0.851852,0.333333,1.44444,0.777778,-1.55556,1.77778,-0.222222,1.44444,0.251852,-2.53095,foliage
217,20,117,9,0,0,0,0,0,0,0,0,0,0,0,0,0,0,0,0,foliage
218,207,58,9,0,0,0.777777,0.344266,0.888888,0.583728,110.37,97.6667,128.111,105.333,-38.1111,53.2222,-15.1111,128.111,0.237567,-2.35727,sky
219,230,180,9,0.111111,0,1.11111,0.518518,1.94444,1.26296,13.8519,9.66667,13.1111,18.7778,-12.5556,-2.22222,14.7778,18.7778,0.486883,2.48792,grass
220,54,91,9,0,0,1.44444,1.54074,0.833333,0.255556,3.25926,0.555556,8,1.22222,-8.11111,14.2222,-6.11111,8,0.944811,-2.18672,foliage
221,162,66,9,0,0,2.05556,0.95258,9.22222,7.07316,42.5926,41,47.7778,39,-4.77778,15.5556,-10.7778,47.7778,0.184999,-1.83808,cement
222,191,101,9,0,0,1.11111,0.779363,1.11111,1.18634,45.037,39,57.1111,39,-18.1111,36.2222,-18.1111,57.1111,0.322733,-2.0943,cement
223,208,154,9,0,0.111111,11.6667,125.867,0.944444,0.685184,8.7037,5.88889,13.8889,6.33333,-8.44444,15.5556,-7.11111,13.8889,0.771517,-2.06692,window
224,173,158,9,0.111111,0,1.88889,3.67407,1.16667,0.477778,8.37037,7.11111,11.7778,6.22222,-3.77778,10.2222,-6.44444,11.7778,0.472975,-1.90465,cement
225,137,92,9,0,0,7.38889,7.3799,0.777778,0.344265,9.96296,7.11111,15.5556,7.22222,-8.55556,16.7778,-8.22222,15.5556,0.608437,-2.0967,window
226,150,113,9,0,0,0.5,0.255556,0.777778,0.207407,5.59259,7.11111,6.66667,3,4.55556,3.22222,-7.77778,7.11111,0.579365,-0.942558,brickface
227,141,17,9,0.111111,0.222222,3.72222,4.4493,5,2.319,44.5926,40.3333,54,39.4444,-12.7778,28.2222,-15.4444,54,0.268186,-2.03005,cement
228,123,194,9,0,0,2.55556,1.78471,9.11111,7.71338,60.8148,54.3333,74.8889,53.2222,-19.4444,42.2222,-22.7778,74.8889,0.292382,-2.03361,path
